record_id,domain_primary,oric_branch,hypothesis_ids,evidence_role,screening_tier,priority,action_possible,reason
PUB-0001,astrochemistry_stellar,Branche 1 — matière,H-M-001;H-T-001,preuve disciplinaire / contexte,B — citation/identifiant vérifié dans ORI-C,3,revue de pertinence,priorité fondée sur les verrous de l’état initial
PUB-0002,astrochemistry_stellar,Branche 1 — matière,H-M-001;H-T-001,preuve disciplinaire / contexte,B — citation/identifiant vérifié dans ORI-C,3,revue de pertinence,priorité fondée sur les verrous de l’état initial
PUB-0003,astrochemistry_stellar,Branche 1 — matière,H-M-001;H-T-001,preuve disciplinaire / contexte,B — citation/identifiant vérifié dans ORI-C,3,revue de pertinence,priorité fondée sur les verrous de l’état initial
PUB-0004,astrochemistry_stellar,Branche 1 — matière,H-M-001;H-T-001,synthèse / cadrage,B — citation/identifiant vérifié dans ORI-C,3,revue de pertinence,priorité fondée sur les verrous de l’état initial
PUB-0005,astrochemistry_stellar,Branche 1 — matière,H-M-001;H-T-001,synthèse / cadrage,B — citation/identifiant vérifié dans ORI-C,3,revue de pertinence,priorité fondée sur les verrous de l’état initial
PUB-0006,astrochemistry_stellar,Branche 1 — matière,H-M-001;H-T-001,synthèse / cadrage,A — titre/résumé vérifié,3,revue de pertinence,priorité fondée sur les verrous de l’état initial
PUB-0007,astrochemistry_stellar,Branche 1 — matière,H-M-001;H-T-001,synthèse / cadrage,B — citation/identifiant vérifié dans ORI-C,3,revue de pertinence,priorité fondée sur les verrous de l’état initial
PUB-0008,astrochemistry_stellar,Branche 1 — matière,H-M-001;H-T-001,preuve disciplinaire / contexte,C — candidat bibliographique extrait,3,revue de pertinence,priorité fondée sur les verrous de l’état initial
PUB-0009,astrochemistry_stellar,Branche 1 — matière,H-M-001;H-T-001,modèle concurrent / banc de test,B — citation/identifiant vérifié dans ORI-C,3,revue de pertinence,priorité fondée sur les verrous de l’état initial
PUB-0010,astrochemistry_stellar,Branche 1 — matière,H-M-001;H-T-001,synthèse / cadrage,B — citation/identifiant vérifié dans ORI-C,3,revue de pertinence,priorité fondée sur les verrous de l’état initial
PUB-0011,causal_discovery_system_id,Socle / transversal,H-S-002;H-M-001;H-C-007;H-C-014;H-C-015;H-T-001;H-T-002,méthode / outil,A — titre/résumé vérifié,1,reconstruire la chaîne à partir des données,priorité fondée sur les verrous de l’état initial
PUB-0012,causal_discovery_system_id,Socle / transversal,H-S-002;H-M-001;H-C-007;H-C-014;H-C-015;H-T-001;H-T-002,synthèse / cadrage,A — titre/résumé vérifié,1,reconstruire la chaîne à partir des données,priorité fondée sur les verrous de l’état initial
PUB-0013,causal_discovery_system_id,Socle / transversal,H-S-002;H-M-001;H-C-007;H-C-014;H-C-015;H-T-001;H-T-002,méthode / outil,A — titre/résumé vérifié,1,reconstruire la chaîne à partir des données,priorité fondée sur les verrous de l’état initial
PUB-0014,causal_discovery_system_id,Socle / transversal,H-S-002;H-M-001;H-C-007;H-C-014;H-C-015;H-T-001;H-T-002,méthode / outil,A — titre/résumé vérifié,1,reconstruire la chaîne à partir des données,priorité fondée sur les verrous de l’état initial
PUB-0015,causal_discovery_system_id,Socle / transversal,H-S-002;H-M-001;H-C-007;H-C-014;H-C-015;H-T-001;H-T-002,synthèse / cadrage,A — titre/résumé vérifié,1,reconstruire la chaîne à partir des données,priorité fondée sur les verrous de l’état initial
PUB-0016,causal_discovery_system_id,Socle / transversal,H-S-002;H-M-001;H-C-007;H-C-014;H-C-015;H-T-001;H-T-002,méthode / outil,A — titre/résumé vérifié,1,reconstruire la chaîne à partir des données,priorité fondée sur les verrous de l’état initial
PUB-0017,causal_discovery_system_id,Socle / transversal,H-S-002;H-M-001;H-C-007;H-C-014;H-C-015;H-T-001;H-T-002,méthode / outil,A — titre/résumé vérifié,1,reconstruire la chaîne à partir des données,priorité fondée sur les verrous de l’état initial
PUB-0018,causal_discovery_system_id,Socle / transversal,H-S-002;H-M-001;H-C-007;H-C-014;H-C-015;H-T-001;H-T-002,modèle concurrent / banc de test,B — citation/identifiant vérifié dans ORI-C,1,reconstruire la chaîne à partir des données,priorité fondée sur les verrous de l’état initial
PUB-0019,causal_discovery_system_id,Socle / transversal,H-S-002;H-M-001;H-C-007;H-C-014;H-C-015;H-T-001;H-T-002,synthèse / cadrage,B — citation/identifiant vérifié dans ORI-C,1,reconstruire la chaîne à partir des données,priorité fondée sur les verrous de l’état initial
PUB-0020,causal_discovery_system_id,Socle / transversal,H-S-002;H-M-001;H-C-007;H-C-014;H-C-015;H-T-001;H-T-002,synthèse / cadrage,A — titre/résumé vérifié,1,reconstruire la chaîne à partir des données,priorité fondée sur les verrous de l’état initial
PUB-0021,causal_discovery_system_id,Socle / transversal,H-S-002;H-M-001;H-C-007;H-C-014;H-C-015;H-T-001;H-T-002,synthèse / cadrage,B — citation/identifiant vérifié dans ORI-C,1,reconstruire la chaîne à partir des données,priorité fondée sur les verrous de l’état initial
PUB-0022,causal_discovery_system_id,Socle / transversal,H-S-002;H-M-001;H-C-007;H-C-014;H-C-015;H-T-001;H-T-002,synthèse / cadrage,B — citation/identifiant vérifié dans ORI-C,1,reconstruire la chaîne à partir des données,priorité fondée sur les verrous de l’état initial
PUB-0023,causal_discovery_system_id,Socle / transversal,H-S-002;H-M-001;H-C-007;H-C-014;H-C-015;H-T-001;H-T-002,preuve disciplinaire / contexte,B — citation/identifiant vérifié dans ORI-C,1,reconstruire la chaîne à partir des données,priorité fondée sur les verrous de l’état initial
PUB-0024,causal_discovery_system_id,Socle / transversal,H-S-002;H-M-001;H-C-007;H-C-014;H-C-015;H-T-001;H-T-002,preuve disciplinaire / contexte,B — citation/identifiant vérifié dans ORI-C,1,reconstruire la chaîne à partir des données,priorité fondée sur les verrous de l’état initial
PUB-0025,causal_discovery_system_id,Socle / transversal,H-S-002;H-M-001;H-C-007;H-C-014;H-C-015;H-T-001;H-T-002,méthode / outil,A — titre/résumé vérifié,1,reconstruire la chaîne à partir des données,priorité fondée sur les verrous de l’état initial
PUB-0026,causal_discovery_system_id,Socle / transversal,H-S-002;H-M-001;H-C-007;H-C-014;H-C-015;H-T-001;H-T-002,synthèse / cadrage,B — citation/identifiant vérifié dans ORI-C,1,reconstruire la chaîne à partir des données,priorité fondée sur les verrous de l’état initial
PUB-0027,causal_discovery_system_id,Socle / transversal,H-S-002;H-M-001;H-C-007;H-C-014;H-C-015;H-T-001;H-T-002,méthode / outil,B — citation/identifiant vérifié dans ORI-C,1,reconstruire la chaîne à partir des données,priorité fondée sur les verrous de l’état initial
PUB-0028,causal_discovery_system_id,Socle / transversal,H-S-002;H-M-001;H-C-007;H-C-014;H-C-015;H-T-001;H-T-002,méthode / outil,A — titre/résumé vérifié,1,reconstruire la chaîne à partir des données,priorité fondée sur les verrous de l’état initial
PUB-0029,causal_discovery_system_id,Socle / transversal,H-S-002;H-M-001;H-C-007;H-C-014;H-C-015;H-T-001;H-T-002,preuve disciplinaire / contexte,B — citation/identifiant vérifié dans ORI-C,1,reconstruire la chaîne à partir des données,priorité fondée sur les verrous de l’état initial
PUB-0030,causal_discovery_system_id,Socle / transversal,H-S-002;H-M-001;H-C-007;H-C-014;H-C-015;H-T-001;H-T-002,méthode / outil,B — citation/identifiant vérifié dans ORI-C,1,reconstruire la chaîne à partir des données,priorité fondée sur les verrous de l’état initial
PUB-0031,causal_discovery_system_id,Socle / transversal,H-S-002;H-M-001;H-C-007;H-C-014;H-C-015;H-T-001;H-T-002,méthode / outil,A — titre/résumé vérifié,1,reconstruire la chaîne à partir des données,priorité fondée sur les verrous de l’état initial
PUB-0032,causal_discovery_system_id,Socle / transversal,H-S-002;H-M-001;H-C-007;H-C-014;H-C-015;H-T-001;H-T-002,méthode / outil,A — titre/résumé vérifié,1,reconstruire la chaîne à partir des données,priorité fondée sur les verrous de l’état initial
PUB-0033,causal_discovery_system_id,Socle / transversal,H-S-002;H-M-001;H-C-007;H-C-014;H-C-015;H-T-001;H-T-002,méthode / outil,A — titre/résumé vérifié,1,reconstruire la chaîne à partir des données,priorité fondée sur les verrous de l’état initial
PUB-0034,causal_discovery_system_id,Socle / transversal,H-S-002;H-M-001;H-C-007;H-C-014;H-C-015;H-T-001;H-T-002,preuve disciplinaire / contexte,B — citation/identifiant vérifié dans ORI-C,1,reconstruire la chaîne à partir des données,priorité fondée sur les verrous de l’état initial
PUB-0035,causal_discovery_system_id,Socle / transversal,H-S-002;H-M-001;H-C-007;H-C-014;H-C-015;H-T-001;H-T-002,modèle concurrent / banc de test,B — citation/identifiant vérifié dans ORI-C,1,reconstruire la chaîne à partir des données,priorité fondée sur les verrous de l’état initial
PUB-0036,causal_discovery_system_id,Socle / transversal,H-S-002;H-M-001;H-C-007;H-C-014;H-C-015;H-T-001;H-T-002,méthode / outil,B — citation/identifiant vérifié dans ORI-C,1,reconstruire la chaîne à partir des données,priorité fondée sur les verrous de l’état initial
PUB-0037,causal_discovery_system_id,Socle / transversal,H-S-002;H-M-001;H-C-007;H-C-014;H-C-015;H-T-001;H-T-002,modèle concurrent / banc de test,B — citation/identifiant vérifié dans ORI-C,1,reconstruire la chaîne à partir des données,priorité fondée sur les verrous de l’état initial
PUB-0038,causal_discovery_system_id,Socle / transversal,H-S-002;H-M-001;H-C-007;H-C-014;H-C-015;H-T-001;H-T-002,preuve disciplinaire / contexte,B — citation/identifiant vérifié dans ORI-C,1,reconstruire la chaîne à partir des données,priorité fondée sur les verrous de l’état initial
PUB-0039,causal_discovery_system_id,Socle / transversal,H-S-002;H-M-001;H-C-007;H-C-014;H-C-015;H-T-001;H-T-002,modèle concurrent / banc de test,B — citation/identifiant vérifié dans ORI-C,1,reconstruire la chaîne à partir des données,priorité fondée sur les verrous de l’état initial
PUB-0040,causal_discovery_system_id,Socle / transversal,H-S-002;H-M-001;H-C-007;H-C-014;H-C-015;H-T-001;H-T-002,preuve disciplinaire / contexte,B — citation/identifiant vérifié dans ORI-C,1,reconstruire la chaîne à partir des données,priorité fondée sur les verrous de l’état initial
PUB-0041,causal_discovery_system_id,Socle / transversal,H-S-002;H-M-001;H-C-007;H-C-014;H-C-015;H-T-001;H-T-002,méthode / outil,B — citation/identifiant vérifié dans ORI-C,1,reconstruire la chaîne à partir des données,priorité fondée sur les verrous de l’état initial
PUB-0042,causal_emergence,Socle / transversal,H-S-002;H-M-001;H-T-001;H-T-002,méthode / outil,A — titre/résumé vérifié,1,tester gain causal des niveaux ORI-C,priorité fondée sur les verrous de l’état initial
PUB-0043,causal_emergence,Socle / transversal,H-S-002;H-M-001;H-T-001;H-T-002,méthode / outil,A — titre/résumé vérifié,1,tester gain causal des niveaux ORI-C,priorité fondée sur les verrous de l’état initial
PUB-0044,causal_emergence,Socle / transversal,H-S-002;H-M-001;H-T-001;H-T-002,preuve disciplinaire / contexte,A — titre/résumé vérifié,1,tester gain causal des niveaux ORI-C,priorité fondée sur les verrous de l’état initial
PUB-0045,causal_emergence,Socle / transversal,H-S-002;H-M-001;H-T-001;H-T-002,méthode / outil,A — titre/résumé vérifié,1,tester gain causal des niveaux ORI-C,priorité fondée sur les verrous de l’état initial
PUB-0046,causal_emergence,Socle / transversal,H-S-002;H-M-001;H-T-001;H-T-002,méthode / outil,A — titre/résumé vérifié,1,tester gain causal des niveaux ORI-C,priorité fondée sur les verrous de l’état initial
PUB-0047,causal_emergence,Socle / transversal,H-S-002;H-M-001;H-T-001;H-T-002,synthèse / cadrage,B — citation/identifiant vérifié dans ORI-C,1,tester gain causal des niveaux ORI-C,priorité fondée sur les verrous de l’état initial
PUB-0048,causal_emergence,Socle / transversal,H-S-002;H-M-001;H-T-001;H-T-002,synthèse / cadrage,A — titre/résumé vérifié,1,tester gain causal des niveaux ORI-C,priorité fondée sur les verrous de l’état initial
PUB-0049,causal_emergence,Socle / transversal,H-S-002;H-M-001;H-T-001;H-T-002,méthode / outil,A — titre/résumé vérifié,1,tester gain causal des niveaux ORI-C,priorité fondée sur les verrous de l’état initial
PUB-0050,causal_emergence,Socle / transversal,H-S-002;H-M-001;H-T-001;H-T-002,preuve disciplinaire / contexte,A — titre/résumé vérifié,1,tester gain causal des niveaux ORI-C,priorité fondée sur les verrous de l’état initial
PUB-0051,causal_emergence,Socle / transversal,H-S-002;H-M-001;H-T-001;H-T-002,preuve disciplinaire / contexte,B — citation/identifiant vérifié dans ORI-C,1,tester gain causal des niveaux ORI-C,priorité fondée sur les verrous de l’état initial
PUB-0052,causal_emergence,Socle / transversal,H-S-002;H-M-001;H-T-001;H-T-002,méthode / outil,A — titre/résumé vérifié,1,tester gain causal des niveaux ORI-C,priorité fondée sur les verrous de l’état initial
PUB-0053,causal_emergence,Socle / transversal,H-S-002;H-M-001;H-T-001;H-T-002,preuve disciplinaire / contexte,B — citation/identifiant vérifié dans ORI-C,1,tester gain causal des niveaux ORI-C,priorité fondée sur les verrous de l’état initial
PUB-0054,causal_emergence,Socle / transversal,H-S-002;H-M-001;H-T-001;H-T-002,preuve disciplinaire / contexte,B — citation/identifiant vérifié dans ORI-C,1,tester gain causal des niveaux ORI-C,priorité fondée sur les verrous de l’état initial
PUB-0055,causal_emergence,Socle / transversal,H-S-002;H-M-001;H-T-001;H-T-002,méthode / outil,B — citation/identifiant vérifié dans ORI-C,1,tester gain causal des niveaux ORI-C,priorité fondée sur les verrous de l’état initial
PUB-0056,causal_emergence,Socle / transversal,H-S-002;H-M-001;H-T-001;H-T-002,preuve disciplinaire / contexte,B — citation/identifiant vérifié dans ORI-C,1,tester gain causal des niveaux ORI-C,priorité fondée sur les verrous de l’état initial
PUB-0057,causal_emergence,Socle / transversal,H-S-002;H-M-001;H-T-001;H-T-002,preuve disciplinaire / contexte,B — citation/identifiant vérifié dans ORI-C,1,tester gain causal des niveaux ORI-C,priorité fondée sur les verrous de l’état initial
PUB-0058,causal_emergence,Socle / transversal,H-S-002;H-M-001;H-T-001;H-T-002,méthode / outil,A — titre/résumé vérifié,1,tester gain causal des niveaux ORI-C,priorité fondée sur les verrous de l’état initial
PUB-0059,causal_emergence,Socle / transversal,H-S-002;H-M-001;H-T-001;H-T-002,preuve disciplinaire / contexte,B — citation/identifiant vérifié dans ORI-C,1,tester gain causal des niveaux ORI-C,priorité fondée sur les verrous de l’état initial
PUB-0060,causal_emergence,Socle / transversal,H-S-002;H-M-001;H-T-001;H-T-002,preuve disciplinaire / contexte,B — citation/identifiant vérifié dans ORI-C,1,tester gain causal des niveaux ORI-C,priorité fondée sur les verrous de l’état initial
PUB-0061,causal_emergence,Socle / transversal,H-S-002;H-M-001;H-T-001;H-T-002,synthèse / cadrage,A — titre/résumé vérifié,1,tester gain causal des niveaux ORI-C,priorité fondée sur les verrous de l’état initial
PUB-0062,causal_emergence,Socle / transversal,H-S-002;H-M-001;H-T-001;H-T-002,méthode / outil,A — titre/résumé vérifié,1,tester gain causal des niveaux ORI-C,priorité fondée sur les verrous de l’état initial
PUB-0063,causal_emergence,Socle / transversal,H-S-002;H-M-001;H-T-001;H-T-002,preuve disciplinaire / contexte,B — citation/identifiant vérifié dans ORI-C,1,tester gain causal des niveaux ORI-C,priorité fondée sur les verrous de l’état initial
PUB-0064,causal_emergence,Socle / transversal,H-S-002;H-M-001;H-T-001;H-T-002,méthode / outil,B — citation/identifiant vérifié dans ORI-C,1,tester gain causal des niveaux ORI-C,priorité fondée sur les verrous de l’état initial
PUB-0065,causal_emergence,Socle / transversal,H-S-002;H-M-001;H-T-001;H-T-002,preuve disciplinaire / contexte,B — citation/identifiant vérifié dans ORI-C,1,tester gain causal des niveaux ORI-C,priorité fondée sur les verrous de l’état initial
PUB-0066,causal_emergence,Socle / transversal,H-S-002;H-M-001;H-T-001;H-T-002,preuve disciplinaire / contexte,B — citation/identifiant vérifié dans ORI-C,1,tester gain causal des niveaux ORI-C,priorité fondée sur les verrous de l’état initial
PUB-0067,causal_emergence,Socle / transversal,H-S-002;H-M-001;H-T-001;H-T-002,méthode / outil,A — titre/résumé vérifié,1,tester gain causal des niveaux ORI-C,priorité fondée sur les verrous de l’état initial
PUB-0068,causal_emergence,Socle / transversal,H-S-002;H-M-001;H-T-001;H-T-002,preuve disciplinaire / contexte,B — citation/identifiant vérifié dans ORI-C,1,tester gain causal des niveaux ORI-C,priorité fondée sur les verrous de l’état initial
PUB-0069,causal_emergence,Socle / transversal,H-S-002;H-M-001;H-T-001;H-T-002,méthode / outil,A — titre/résumé vérifié,1,tester gain causal des niveaux ORI-C,priorité fondée sur les verrous de l’état initial
PUB-0070,causal_emergence,Socle / transversal,H-S-002;H-M-001;H-T-001;H-T-002,méthode / outil,A — titre/résumé vérifié,1,tester gain causal des niveaux ORI-C,priorité fondée sur les verrous de l’état initial
PUB-0071,causal_emergence,Socle / transversal,H-S-002;H-M-001;H-T-001;H-T-002,méthode / outil,A — titre/résumé vérifié,1,tester gain causal des niveaux ORI-C,priorité fondée sur les verrous de l’état initial
PUB-0072,causal_emergence,Socle / transversal,H-S-002;H-M-001;H-T-001;H-T-002,preuve disciplinaire / contexte,B — citation/identifiant vérifié dans ORI-C,1,tester gain causal des niveaux ORI-C,priorité fondée sur les verrous de l’état initial
PUB-0073,causal_emergence,Socle / transversal,H-S-002;H-M-001;H-T-001;H-T-002,preuve disciplinaire / contexte,B — citation/identifiant vérifié dans ORI-C,1,tester gain causal des niveaux ORI-C,priorité fondée sur les verrous de l’état initial
PUB-0074,causal_emergence,Socle / transversal,H-S-002;H-M-001;H-T-001;H-T-002,méthode / outil,B — citation/identifiant vérifié dans ORI-C,1,tester gain causal des niveaux ORI-C,priorité fondée sur les verrous de l’état initial
PUB-0075,causal_emergence,Socle / transversal,H-S-002;H-M-001;H-T-001;H-T-002,méthode / outil,A — titre/résumé vérifié,1,tester gain causal des niveaux ORI-C,priorité fondée sur les verrous de l’état initial
PUB-0076,causal_emergence,Socle / transversal,H-S-002;H-M-001;H-T-001;H-T-002,preuve disciplinaire / contexte,B — citation/identifiant vérifié dans ORI-C,1,tester gain causal des niveaux ORI-C,priorité fondée sur les verrous de l’état initial
PUB-0077,causal_emergence,Socle / transversal,H-S-002;H-M-001;H-T-001;H-T-002,méthode / outil,A — titre/résumé vérifié,1,tester gain causal des niveaux ORI-C,priorité fondée sur les verrous de l’état initial
PUB-0078,causal_emergence,Socle / transversal,H-S-002;H-M-001;H-T-001;H-T-002,preuve disciplinaire / contexte,B — citation/identifiant vérifié dans ORI-C,1,tester gain causal des niveaux ORI-C,priorité fondée sur les verrous de l’état initial
PUB-0079,causal_emergence,Socle / transversal,H-S-002;H-M-001;H-T-001;H-T-002,preuve disciplinaire / contexte,B — citation/identifiant vérifié dans ORI-C,1,tester gain causal des niveaux ORI-C,priorité fondée sur les verrous de l’état initial
PUB-0080,causal_emergence,Socle / transversal,H-S-002;H-M-001;H-T-001;H-T-002,modèle concurrent / banc de test,B — citation/identifiant vérifié dans ORI-C,1,tester gain causal des niveaux ORI-C,priorité fondée sur les verrous de l’état initial
PUB-0081,causal_emergence,Socle / transversal,H-S-002;H-M-001;H-T-001;H-T-002,preuve disciplinaire / contexte,B — citation/identifiant vérifié dans ORI-C,1,tester gain causal des niveaux ORI-C,priorité fondée sur les verrous de l’état initial
PUB-0082,causal_emergence,Socle / transversal,H-S-002;H-M-001;H-T-001;H-T-002,preuve disciplinaire / contexte,B — citation/identifiant vérifié dans ORI-C,1,tester gain causal des niveaux ORI-C,priorité fondée sur les verrous de l’état initial
PUB-0083,climate_tipping,"Branche 2 — planètes, Système solaire et climat",H-C-005;H-C-011;H-C-012;H-C-013;H-C-016;H-C-017,méthode / outil,A — titre/résumé vérifié,3,revue de pertinence,priorité fondée sur les verrous de l’état initial
PUB-0084,climate_tipping,"Branche 2 — planètes, Système solaire et climat",H-C-005;H-C-011;H-C-012;H-C-013;H-C-016;H-C-017,méthode / outil,A — titre/résumé vérifié,3,revue de pertinence,priorité fondée sur les verrous de l’état initial
PUB-0085,climate_tipping,"Branche 2 — planètes, Système solaire et climat",H-C-005;H-C-011;H-C-012;H-C-013;H-C-016;H-C-017,preuve disciplinaire / contexte,B — citation/identifiant vérifié dans ORI-C,3,revue de pertinence,priorité fondée sur les verrous de l’état initial
PUB-0086,evolution_fitness_landscapes,Branche 3 — vivant,H-V-002;H-T-001,synthèse / cadrage,A — titre/résumé vérifié,3,revue de pertinence,priorité fondée sur les verrous de l’état initial
PUB-0087,exoplanet_climate,"Branche 2 — planètes, Système solaire et climat",H-C-011;H-C-012;H-C-013;H-C-016,modèle concurrent / banc de test,B — citation/identifiant vérifié dans ORI-C,2,tester bassins et persistance,priorité fondée sur les verrous de l’état initial
PUB-0088,exoplanet_climate,"Branche 2 — planètes, Système solaire et climat",H-C-011;H-C-012;H-C-013;H-C-016,modèle concurrent / banc de test,B — citation/identifiant vérifié dans ORI-C,2,tester bassins et persistance,priorité fondée sur les verrous de l’état initial
PUB-0089,exoplanet_climate,"Branche 2 — planètes, Système solaire et climat",H-C-011;H-C-012;H-C-013;H-C-016,modèle concurrent / banc de test,B — citation/identifiant vérifié dans ORI-C,2,tester bassins et persistance,priorité fondée sur les verrous de l’état initial
PUB-0090,exoplanet_climate,"Branche 2 — planètes, Système solaire et climat",H-C-011;H-C-012;H-C-013;H-C-016,preuve disciplinaire / contexte,B — citation/identifiant vérifié dans ORI-C,2,tester bassins et persistance,priorité fondée sur les verrous de l’état initial
PUB-0091,exoplanet_climate,"Branche 2 — planètes, Système solaire et climat",H-C-011;H-C-012;H-C-013;H-C-016,données,A — titre/résumé vérifié,2,tester bassins et persistance,priorité fondée sur les verrous de l’état initial
PUB-0092,exoplanet_climate,"Branche 2 — planètes, Système solaire et climat",H-C-011;H-C-012;H-C-013;H-C-016,modèle concurrent / banc de test,A — titre/résumé vérifié,2,tester bassins et persistance,priorité fondée sur les verrous de l’état initial
PUB-0093,exoplanet_climate,"Branche 2 — planètes, Système solaire et climat",H-C-011;H-C-012;H-C-013;H-C-016,preuve disciplinaire / contexte,C — candidat bibliographique extrait,2,tester bassins et persistance,priorité fondée sur les verrous de l’état initial
PUB-0094,exoplanet_climate,"Branche 2 — planètes, Système solaire et climat",H-C-011;H-C-012;H-C-013;H-C-016,modèle concurrent / banc de test,A — titre/résumé vérifié,2,tester bassins et persistance,priorité fondée sur les verrous de l’état initial
PUB-0095,exoplanet_climate,"Branche 2 — planètes, Système solaire et climat",H-C-011;H-C-012;H-C-013;H-C-016,synthèse / cadrage,B — citation/identifiant vérifié dans ORI-C,2,tester bassins et persistance,priorité fondée sur les verrous de l’état initial
PUB-0096,exoplanet_climate,"Branche 2 — planètes, Système solaire et climat",H-C-011;H-C-012;H-C-013;H-C-016,données,A — titre/résumé vérifié,2,tester bassins et persistance,priorité fondée sur les verrous de l’état initial
PUB-0097,living_systems,Branche 3 — vivant,,preuve disciplinaire / contexte,B — citation/identifiant vérifié dans ORI-C,3,revue de pertinence,priorité fondée sur les verrous de l’état initial
PUB-0098,living_systems,Branche 3 — vivant,,preuve disciplinaire / contexte,B — citation/identifiant vérifié dans ORI-C,3,revue de pertinence,priorité fondée sur les verrous de l’état initial
PUB-0099,living_systems,Branche 3 — vivant,,preuve disciplinaire / contexte,B — citation/identifiant vérifié dans ORI-C,3,revue de pertinence,priorité fondée sur les verrous de l’état initial
PUB-0100,living_systems,Branche 3 — vivant,,preuve disciplinaire / contexte,B — citation/identifiant vérifié dans ORI-C,3,revue de pertinence,priorité fondée sur les verrous de l’état initial
PUB-0101,living_systems,Branche 3 — vivant,,preuve disciplinaire / contexte,B — citation/identifiant vérifié dans ORI-C,3,revue de pertinence,priorité fondée sur les verrous de l’état initial
PUB-0102,living_systems,Branche 3 — vivant,,preuve disciplinaire / contexte,B — citation/identifiant vérifié dans ORI-C,3,revue de pertinence,priorité fondée sur les verrous de l’état initial
PUB-0103,living_systems,Branche 3 — vivant,,preuve disciplinaire / contexte,B — citation/identifiant vérifié dans ORI-C,3,revue de pertinence,priorité fondée sur les verrous de l’état initial
PUB-0104,living_systems,Branche 3 — vivant,,preuve disciplinaire / contexte,B — citation/identifiant vérifié dans ORI-C,3,revue de pertinence,priorité fondée sur les verrous de l’état initial
PUB-0105,matter_chronology,Branche 1 — matière,H-M-001;H-S-002;H-T-001,synthèse / cadrage,B — citation/identifiant vérifié dans ORI-C,3,revue de pertinence,priorité fondée sur les verrous de l’état initial
PUB-0106,matter_chronology,Branche 1 — matière,H-M-001;H-S-002;H-T-001,synthèse / cadrage,C — candidat bibliographique extrait,3,revue de pertinence,priorité fondée sur les verrous de l’état initial
PUB-0107,matter_chronology,Branche 1 — matière,H-M-001;H-S-002;H-T-001,méthode / outil,B — citation/identifiant vérifié dans ORI-C,3,revue de pertinence,priorité fondée sur les verrous de l’état initial
PUB-0108,matter_chronology,Branche 1 — matière,H-M-001;H-S-002;H-T-001,preuve disciplinaire / contexte,C — candidat bibliographique extrait,3,revue de pertinence,priorité fondée sur les verrous de l’état initial
PUB-0109,matter_chronology,Branche 1 — matière,H-M-001;H-S-002;H-T-001,preuve disciplinaire / contexte,C — candidat bibliographique extrait,3,revue de pertinence,priorité fondée sur les verrous de l’état initial
PUB-0110,matter_chronology,Branche 1 — matière,H-M-001;H-S-002;H-T-001,preuve disciplinaire / contexte,B — citation/identifiant vérifié dans ORI-C,3,revue de pertinence,priorité fondée sur les verrous de l’état initial
PUB-0111,matter_chronology,Branche 1 — matière,H-M-001;H-S-002;H-T-001,preuve disciplinaire / contexte,B — citation/identifiant vérifié dans ORI-C,3,revue de pertinence,priorité fondée sur les verrous de l’état initial
PUB-0112,matter_chronology,Branche 1 — matière,H-M-001;H-S-002;H-T-001,preuve disciplinaire / contexte,B — citation/identifiant vérifié dans ORI-C,3,revue de pertinence,priorité fondée sur les verrous de l’état initial
PUB-0113,matter_chronology,Branche 1 — matière,H-M-001;H-S-002;H-T-001,preuve disciplinaire / contexte,B — citation/identifiant vérifié dans ORI-C,3,revue de pertinence,priorité fondée sur les verrous de l’état initial
PUB-0114,matter_chronology,Branche 1 — matière,H-M-001;H-S-002;H-T-001,synthèse / cadrage,B — citation/identifiant vérifié dans ORI-C,3,revue de pertinence,priorité fondée sur les verrous de l’état initial
PUB-0115,matter_chronology,Branche 1 — matière,H-M-001;H-S-002;H-T-001,synthèse / cadrage,C — candidat bibliographique extrait,3,revue de pertinence,priorité fondée sur les verrous de l’état initial
PUB-0116,matter_chronology,Branche 1 — matière,H-M-001;H-S-002;H-T-001,preuve disciplinaire / contexte,B — citation/identifiant vérifié dans ORI-C,3,revue de pertinence,priorité fondée sur les verrous de l’état initial
PUB-0117,matter_chronology,Branche 1 — matière,H-M-001;H-S-002;H-T-001,preuve disciplinaire / contexte,C — candidat bibliographique extrait,3,revue de pertinence,priorité fondée sur les verrous de l’état initial
PUB-0118,matter_chronology,Branche 1 — matière,H-M-001;H-S-002;H-T-001,synthèse / cadrage,C — candidat bibliographique extrait,3,revue de pertinence,priorité fondée sur les verrous de l’état initial
PUB-0119,matter_chronology,Branche 1 — matière,H-M-001;H-S-002;H-T-001,preuve disciplinaire / contexte,C — candidat bibliographique extrait,3,revue de pertinence,priorité fondée sur les verrous de l’état initial
PUB-0120,matter_chronology,Branche 1 — matière,H-M-001;H-S-002;H-T-001,preuve disciplinaire / contexte,B — citation/identifiant vérifié dans ORI-C,3,revue de pertinence,priorité fondée sur les verrous de l’état initial
PUB-0121,matter_chronology,Branche 1 — matière,H-M-001;H-S-002;H-T-001,synthèse / cadrage,B — citation/identifiant vérifié dans ORI-C,3,revue de pertinence,priorité fondée sur les verrous de l’état initial
PUB-0122,matter_chronology,Branche 1 — matière,H-M-001;H-S-002;H-T-001,preuve disciplinaire / contexte,C — candidat bibliographique extrait,3,revue de pertinence,priorité fondée sur les verrous de l’état initial
PUB-0123,matter_chronology,Branche 1 — matière,H-M-001;H-S-002;H-T-001,preuve disciplinaire / contexte,C — candidat bibliographique extrait,3,revue de pertinence,priorité fondée sur les verrous de l’état initial
PUB-0124,matter_chronology,Branche 1 — matière,H-M-001;H-S-002;H-T-001,synthèse / cadrage,B — citation/identifiant vérifié dans ORI-C,3,revue de pertinence,priorité fondée sur les verrous de l’état initial
PUB-0125,matter_chronology,Branche 1 — matière,H-M-001;H-S-002;H-T-001,méthode / outil,B — citation/identifiant vérifié dans ORI-C,3,revue de pertinence,priorité fondée sur les verrous de l’état initial
PUB-0126,matter_chronology,Branche 1 — matière,H-M-001;H-S-002;H-T-001,preuve disciplinaire / contexte,B — citation/identifiant vérifié dans ORI-C,3,revue de pertinence,priorité fondée sur les verrous de l’état initial
PUB-0127,matter_chronology,Branche 1 — matière,H-M-001;H-S-002;H-T-001,preuve disciplinaire / contexte,B — citation/identifiant vérifié dans ORI-C,3,revue de pertinence,priorité fondée sur les verrous de l’état initial
PUB-0128,matter_chronology,Branche 1 — matière,H-M-001;H-S-002;H-T-001,preuve disciplinaire / contexte,B — citation/identifiant vérifié dans ORI-C,3,revue de pertinence,priorité fondée sur les verrous de l’état initial
PUB-0129,matter_chronology,Branche 1 — matière,H-M-001;H-S-002;H-T-001,preuve disciplinaire / contexte,B — citation/identifiant vérifié dans ORI-C,3,revue de pertinence,priorité fondée sur les verrous de l’état initial
PUB-0130,matter_chronology,Branche 1 — matière,H-M-001;H-S-002;H-T-001,preuve disciplinaire / contexte,B — citation/identifiant vérifié dans ORI-C,3,revue de pertinence,priorité fondée sur les verrous de l’état initial
PUB-0131,matter_chronology,Branche 1 — matière,H-M-001;H-S-002;H-T-001,preuve disciplinaire / contexte,B — citation/identifiant vérifié dans ORI-C,3,revue de pertinence,priorité fondée sur les verrous de l’état initial
PUB-0132,matter_chronology,Branche 1 — matière,H-M-001;H-S-002;H-T-001,preuve disciplinaire / contexte,B — citation/identifiant vérifié dans ORI-C,3,revue de pertinence,priorité fondée sur les verrous de l’état initial
PUB-0133,matter_chronology,Branche 1 — matière,H-M-001;H-S-002;H-T-001,preuve disciplinaire / contexte,B — citation/identifiant vérifié dans ORI-C,3,revue de pertinence,priorité fondée sur les verrous de l’état initial
PUB-0134,matter_chronology,Branche 1 — matière,H-M-001;H-S-002;H-T-001,preuve disciplinaire / contexte,B — citation/identifiant vérifié dans ORI-C,3,revue de pertinence,priorité fondée sur les verrous de l’état initial
PUB-0135,matter_chronology,Branche 1 — matière,H-M-001;H-S-002;H-T-001,preuve disciplinaire / contexte,B — citation/identifiant vérifié dans ORI-C,3,revue de pertinence,priorité fondée sur les verrous de l’état initial
PUB-0136,matter_chronology,Branche 1 — matière,H-M-001;H-S-002;H-T-001,preuve disciplinaire / contexte,B — citation/identifiant vérifié dans ORI-C,3,revue de pertinence,priorité fondée sur les verrous de l’état initial
PUB-0137,matter_chronology,Branche 1 — matière,H-M-001;H-S-002;H-T-001,preuve disciplinaire / contexte,B — citation/identifiant vérifié dans ORI-C,3,revue de pertinence,priorité fondée sur les verrous de l’état initial
PUB-0138,matter_chronology,Branche 1 — matière,H-M-001;H-S-002;H-T-001,preuve disciplinaire / contexte,B — citation/identifiant vérifié dans ORI-C,3,revue de pertinence,priorité fondée sur les verrous de l’état initial
PUB-0139,matter_chronology,Branche 1 — matière,H-M-001;H-S-002;H-T-001,preuve disciplinaire / contexte,B — citation/identifiant vérifié dans ORI-C,3,revue de pertinence,priorité fondée sur les verrous de l’état initial
PUB-0140,matter_chronology,Branche 1 — matière,H-M-001;H-S-002;H-T-001,preuve disciplinaire / contexte,B — citation/identifiant vérifié dans ORI-C,3,revue de pertinence,priorité fondée sur les verrous de l’état initial
PUB-0141,matter_chronology,Branche 1 — matière,H-M-001;H-S-002;H-T-001,preuve disciplinaire / contexte,B — citation/identifiant vérifié dans ORI-C,3,revue de pertinence,priorité fondée sur les verrous de l’état initial
PUB-0142,matter_chronology,Branche 1 — matière,H-M-001;H-S-002;H-T-001,preuve disciplinaire / contexte,B — citation/identifiant vérifié dans ORI-C,3,revue de pertinence,priorité fondée sur les verrous de l’état initial
PUB-0143,matter_chronology,Branche 1 — matière,H-M-001;H-S-002;H-T-001,preuve disciplinaire / contexte,B — citation/identifiant vérifié dans ORI-C,3,revue de pertinence,priorité fondée sur les verrous de l’état initial
PUB-0144,matter_chronology,Branche 1 — matière,H-M-001;H-S-002;H-T-001,preuve disciplinaire / contexte,B — citation/identifiant vérifié dans ORI-C,3,revue de pertinence,priorité fondée sur les verrous de l’état initial
PUB-0145,matter_chronology,Branche 1 — matière,H-M-001;H-S-002;H-T-001,preuve disciplinaire / contexte,B — citation/identifiant vérifié dans ORI-C,3,revue de pertinence,priorité fondée sur les verrous de l’état initial
PUB-0146,microbiology_antibiotics,Branche 3 — vivant,H-V-002;H-T-001,preuve disciplinaire / contexte,B — citation/identifiant vérifié dans ORI-C,1,réanalyse OOS sur données ORI-C,priorité fondée sur les verrous de l’état initial
PUB-0147,microbiology_antibiotics,Branche 3 — vivant,H-V-002;H-T-001,preuve disciplinaire / contexte,B — citation/identifiant vérifié dans ORI-C,1,réanalyse OOS sur données ORI-C,priorité fondée sur les verrous de l’état initial
PUB-0148,microbiology_antibiotics,Branche 3 — vivant,H-V-002;H-T-001,modèle concurrent / banc de test,A — titre/résumé vérifié,1,réanalyse OOS sur données ORI-C,priorité fondée sur les verrous de l’état initial
PUB-0149,microbiology_antibiotics,Branche 3 — vivant,H-V-002;H-T-001,modèle concurrent / banc de test,A — titre/résumé vérifié,1,réanalyse OOS sur données ORI-C,priorité fondée sur les verrous de l’état initial
PUB-0150,microbiology_antibiotics,Branche 3 — vivant,H-V-002;H-T-001,synthèse / cadrage,A — titre/résumé vérifié,1,réanalyse OOS sur données ORI-C,priorité fondée sur les verrous de l’état initial
PUB-0151,microbiology_antibiotics,Branche 3 — vivant,H-V-002;H-T-001,synthèse / cadrage,A — titre/résumé vérifié,1,réanalyse OOS sur données ORI-C,priorité fondée sur les verrous de l’état initial
PUB-0152,microbiology_antibiotics,Branche 3 — vivant,H-V-002;H-T-001,modèle concurrent / banc de test,A — titre/résumé vérifié,1,réanalyse OOS sur données ORI-C,priorité fondée sur les verrous de l’état initial
PUB-0153,microbiology_antibiotics,Branche 3 — vivant,H-V-002;H-T-001,modèle concurrent / banc de test,A — titre/résumé vérifié,1,réanalyse OOS sur données ORI-C,priorité fondée sur les verrous de l’état initial
PUB-0154,nonequilibrium_memory,Socle / transversal,H-S-001;H-S-003;H-V-001;H-T-001;H-T-002,synthèse / cadrage,A — titre/résumé vérifié,2,"séparer relaxation, hystérésis et mémoire",priorité fondée sur les verrous de l’état initial
PUB-0155,nonequilibrium_memory,Socle / transversal,H-S-001;H-S-003;H-V-001;H-T-001;H-T-002,méthode / outil,A — titre/résumé vérifié,2,"séparer relaxation, hystérésis et mémoire",priorité fondée sur les verrous de l’état initial
PUB-0156,nonequilibrium_memory,Socle / transversal,H-S-001;H-S-003;H-V-001;H-T-001;H-T-002,preuve disciplinaire / contexte,A — titre/résumé vérifié,2,"séparer relaxation, hystérésis et mémoire",priorité fondée sur les verrous de l’état initial
PUB-0157,nonequilibrium_memory,Socle / transversal,H-S-001;H-S-003;H-V-001;H-T-001;H-T-002,preuve disciplinaire / contexte,A — titre/résumé vérifié,2,"séparer relaxation, hystérésis et mémoire",priorité fondée sur les verrous de l’état initial
PUB-0158,nonequilibrium_memory,Socle / transversal,H-S-001;H-S-003;H-V-001;H-T-001;H-T-002,preuve disciplinaire / contexte,B — citation/identifiant vérifié dans ORI-C,2,"séparer relaxation, hystérésis et mémoire",priorité fondée sur les verrous de l’état initial
PUB-0159,nonequilibrium_memory,Socle / transversal,H-S-001;H-S-003;H-V-001;H-T-001;H-T-002,preuve disciplinaire / contexte,B — citation/identifiant vérifié dans ORI-C,2,"séparer relaxation, hystérésis et mémoire",priorité fondée sur les verrous de l’état initial
PUB-0160,nonequilibrium_memory,Socle / transversal,H-S-001;H-S-003;H-V-001;H-T-001;H-T-002,preuve disciplinaire / contexte,B — citation/identifiant vérifié dans ORI-C,2,"séparer relaxation, hystérésis et mémoire",priorité fondée sur les verrous de l’état initial
PUB-0161,nonequilibrium_memory,Socle / transversal,H-S-001;H-S-003;H-V-001;H-T-001;H-T-002,preuve disciplinaire / contexte,B — citation/identifiant vérifié dans ORI-C,2,"séparer relaxation, hystérésis et mémoire",priorité fondée sur les verrous de l’état initial
PUB-0162,nonequilibrium_memory,Socle / transversal,H-S-001;H-S-003;H-V-001;H-T-001;H-T-002,preuve disciplinaire / contexte,B — citation/identifiant vérifié dans ORI-C,2,"séparer relaxation, hystérésis et mémoire",priorité fondée sur les verrous de l’état initial
PUB-0163,nonequilibrium_memory,Socle / transversal,H-S-001;H-S-003;H-V-001;H-T-001;H-T-002,méthode / outil,A — titre/résumé vérifié,2,"séparer relaxation, hystérésis et mémoire",priorité fondée sur les verrous de l’état initial
PUB-0164,nonequilibrium_memory,Socle / transversal,H-S-001;H-S-003;H-V-001;H-T-001;H-T-002,synthèse / cadrage,B — citation/identifiant vérifié dans ORI-C,2,"séparer relaxation, hystérésis et mémoire",priorité fondée sur les verrous de l’état initial
PUB-0165,nonequilibrium_memory,Socle / transversal,H-S-001;H-S-003;H-V-001;H-T-001;H-T-002,synthèse / cadrage,B — citation/identifiant vérifié dans ORI-C,2,"séparer relaxation, hystérésis et mémoire",priorité fondée sur les verrous de l’état initial
PUB-0166,orbital_dynamics,"Branche 2 — planètes, Système solaire et climat",H-A-001;H-C-010,preuve disciplinaire / contexte,B — citation/identifiant vérifié dans ORI-C,2,reproduire et étendre A1–A6,priorité fondée sur les verrous de l’état initial
PUB-0167,orbital_dynamics,"Branche 2 — planètes, Système solaire et climat",H-A-001;H-C-010,preuve disciplinaire / contexte,C — candidat bibliographique extrait,2,reproduire et étendre A1–A6,priorité fondée sur les verrous de l’état initial
PUB-0168,orbital_dynamics,"Branche 2 — planètes, Système solaire et climat",H-A-001;H-C-010,preuve disciplinaire / contexte,B — citation/identifiant vérifié dans ORI-C,2,reproduire et étendre A1–A6,priorité fondée sur les verrous de l’état initial
PUB-0169,orbital_dynamics,"Branche 2 — planètes, Système solaire et climat",H-A-001;H-C-010,preuve disciplinaire / contexte,C — candidat bibliographique extrait,2,reproduire et étendre A1–A6,priorité fondée sur les verrous de l’état initial
PUB-0170,orbital_dynamics,"Branche 2 — planètes, Système solaire et climat",H-A-001;H-C-010,preuve disciplinaire / contexte,B — citation/identifiant vérifié dans ORI-C,2,reproduire et étendre A1–A6,priorité fondée sur les verrous de l’état initial
PUB-0171,orbital_dynamics,"Branche 2 — planètes, Système solaire et climat",H-A-001;H-C-010,méthode / outil,B — citation/identifiant vérifié dans ORI-C,2,reproduire et étendre A1–A6,priorité fondée sur les verrous de l’état initial
PUB-0172,orbital_dynamics,"Branche 2 — planètes, Système solaire et climat",H-A-001;H-C-010,preuve disciplinaire / contexte,B — citation/identifiant vérifié dans ORI-C,2,reproduire et étendre A1–A6,priorité fondée sur les verrous de l’état initial
PUB-0173,orbital_dynamics,"Branche 2 — planètes, Système solaire et climat",H-A-001;H-C-010,preuve disciplinaire / contexte,B — citation/identifiant vérifié dans ORI-C,2,reproduire et étendre A1–A6,priorité fondée sur les verrous de l’état initial
PUB-0174,orbital_dynamics,"Branche 2 — planètes, Système solaire et climat",H-A-001;H-C-010,données,A — titre/résumé vérifié,2,reproduire et étendre A1–A6,priorité fondée sur les verrous de l’état initial
PUB-0175,orbital_dynamics,"Branche 2 — planètes, Système solaire et climat",H-A-001;H-C-010,preuve disciplinaire / contexte,B — citation/identifiant vérifié dans ORI-C,2,reproduire et étendre A1–A6,priorité fondée sur les verrous de l’état initial
PUB-0176,orbital_dynamics,"Branche 2 — planètes, Système solaire et climat",H-A-001;H-C-010,preuve disciplinaire / contexte,B — citation/identifiant vérifié dans ORI-C,2,reproduire et étendre A1–A6,priorité fondée sur les verrous de l’état initial
PUB-0177,orbital_dynamics,"Branche 2 — planètes, Système solaire et climat",H-A-001;H-C-010,preuve disciplinaire / contexte,B — citation/identifiant vérifié dans ORI-C,2,reproduire et étendre A1–A6,priorité fondée sur les verrous de l’état initial
PUB-0178,orbital_dynamics,"Branche 2 — planètes, Système solaire et climat",H-A-001;H-C-010,synthèse / cadrage,B — citation/identifiant vérifié dans ORI-C,2,reproduire et étendre A1–A6,priorité fondée sur les verrous de l’état initial
PUB-0179,orbital_dynamics,"Branche 2 — planètes, Système solaire et climat",H-A-001;H-C-010,preuve disciplinaire / contexte,B — citation/identifiant vérifié dans ORI-C,2,reproduire et étendre A1–A6,priorité fondée sur les verrous de l’état initial
PUB-0180,orbital_dynamics,"Branche 2 — planètes, Système solaire et climat",H-A-001;H-C-010,preuve disciplinaire / contexte,B — citation/identifiant vérifié dans ORI-C,2,reproduire et étendre A1–A6,priorité fondée sur les verrous de l’état initial
PUB-0181,orbital_dynamics,"Branche 2 — planètes, Système solaire et climat",H-A-001;H-C-010,preuve disciplinaire / contexte,B — citation/identifiant vérifié dans ORI-C,2,reproduire et étendre A1–A6,priorité fondée sur les verrous de l’état initial
PUB-0182,orbital_dynamics,"Branche 2 — planètes, Système solaire et climat",H-A-001;H-C-010,preuve disciplinaire / contexte,B — citation/identifiant vérifié dans ORI-C,2,reproduire et étendre A1–A6,priorité fondée sur les verrous de l’état initial
PUB-0183,orbital_dynamics,"Branche 2 — planètes, Système solaire et climat",H-A-001;H-C-010,preuve disciplinaire / contexte,B — citation/identifiant vérifié dans ORI-C,2,reproduire et étendre A1–A6,priorité fondée sur les verrous de l’état initial
PUB-0184,orbital_dynamics,"Branche 2 — planètes, Système solaire et climat",H-A-001;H-C-010,preuve disciplinaire / contexte,B — citation/identifiant vérifié dans ORI-C,2,reproduire et étendre A1–A6,priorité fondée sur les verrous de l’état initial
PUB-0185,orbital_dynamics,"Branche 2 — planètes, Système solaire et climat",H-A-001;H-C-010,preuve disciplinaire / contexte,B — citation/identifiant vérifié dans ORI-C,2,reproduire et étendre A1–A6,priorité fondée sur les verrous de l’état initial
PUB-0186,orbital_dynamics,"Branche 2 — planètes, Système solaire et climat",H-A-001;H-C-010,preuve disciplinaire / contexte,B — citation/identifiant vérifié dans ORI-C,2,reproduire et étendre A1–A6,priorité fondée sur les verrous de l’état initial
PUB-0187,orbital_dynamics,"Branche 2 — planètes, Système solaire et climat",H-A-001;H-C-010,preuve disciplinaire / contexte,B — citation/identifiant vérifié dans ORI-C,2,reproduire et étendre A1–A6,priorité fondée sur les verrous de l’état initial
PUB-0188,orbital_dynamics,"Branche 2 — planètes, Système solaire et climat",H-A-001;H-C-010,preuve disciplinaire / contexte,B — citation/identifiant vérifié dans ORI-C,2,reproduire et étendre A1–A6,priorité fondée sur les verrous de l’état initial
PUB-0189,orbital_dynamics,"Branche 2 — planètes, Système solaire et climat",H-A-001;H-C-010,preuve disciplinaire / contexte,B — citation/identifiant vérifié dans ORI-C,2,reproduire et étendre A1–A6,priorité fondée sur les verrous de l’état initial
PUB-0190,orbital_dynamics,"Branche 2 — planètes, Système solaire et climat",H-A-001;H-C-010,preuve disciplinaire / contexte,B — citation/identifiant vérifié dans ORI-C,2,reproduire et étendre A1–A6,priorité fondée sur les verrous de l’état initial
PUB-0191,orbital_dynamics,"Branche 2 — planètes, Système solaire et climat",H-A-001;H-C-010,preuve disciplinaire / contexte,B — citation/identifiant vérifié dans ORI-C,2,reproduire et étendre A1–A6,priorité fondée sur les verrous de l’état initial
PUB-0192,orbital_dynamics,"Branche 2 — planètes, Système solaire et climat",H-A-001;H-C-010,preuve disciplinaire / contexte,B — citation/identifiant vérifié dans ORI-C,2,reproduire et étendre A1–A6,priorité fondée sur les verrous de l’état initial
PUB-0193,orbital_dynamics,"Branche 2 — planètes, Système solaire et climat",H-A-001;H-C-010,preuve disciplinaire / contexte,B — citation/identifiant vérifié dans ORI-C,2,reproduire et étendre A1–A6,priorité fondée sur les verrous de l’état initial
PUB-0194,orbital_dynamics,"Branche 2 — planètes, Système solaire et climat",H-A-001;H-C-010,preuve disciplinaire / contexte,B — citation/identifiant vérifié dans ORI-C,2,reproduire et étendre A1–A6,priorité fondée sur les verrous de l’état initial
PUB-0195,orbital_dynamics,"Branche 2 — planètes, Système solaire et climat",H-A-001;H-C-010,preuve disciplinaire / contexte,B — citation/identifiant vérifié dans ORI-C,2,reproduire et étendre A1–A6,priorité fondée sur les verrous de l’état initial
PUB-0196,other_cross_domain,Socle / transversal,,synthèse / cadrage,B — citation/identifiant vérifié dans ORI-C,3,revue de pertinence,priorité fondée sur les verrous de l’état initial
PUB-0197,other_cross_domain,Socle / transversal,,synthèse / cadrage,B — citation/identifiant vérifié dans ORI-C,3,revue de pertinence,priorité fondée sur les verrous de l’état initial
PUB-0198,other_cross_domain,Socle / transversal,,synthèse / cadrage,B — citation/identifiant vérifié dans ORI-C,3,revue de pertinence,priorité fondée sur les verrous de l’état initial
PUB-0199,other_cross_domain,Socle / transversal,,preuve disciplinaire / contexte,C — candidat bibliographique extrait,3,revue de pertinence,priorité fondée sur les verrous de l’état initial
PUB-0200,other_cross_domain,Socle / transversal,,méthode / outil,B — citation/identifiant vérifié dans ORI-C,3,revue de pertinence,priorité fondée sur les verrous de l’état initial
PUB-0201,other_cross_domain,Socle / transversal,,preuve disciplinaire / contexte,B — citation/identifiant vérifié dans ORI-C,3,revue de pertinence,priorité fondée sur les verrous de l’état initial
PUB-0202,other_cross_domain,Socle / transversal,,synthèse / cadrage,B — citation/identifiant vérifié dans ORI-C,3,revue de pertinence,priorité fondée sur les verrous de l’état initial
PUB-0203,other_cross_domain,Socle / transversal,,synthèse / cadrage,B — citation/identifiant vérifié dans ORI-C,3,revue de pertinence,priorité fondée sur les verrous de l’état initial
PUB-0204,other_cross_domain,Socle / transversal,,synthèse / cadrage,B — citation/identifiant vérifié dans ORI-C,3,revue de pertinence,priorité fondée sur les verrous de l’état initial
PUB-0205,other_cross_domain,Socle / transversal,,synthèse / cadrage,B — citation/identifiant vérifié dans ORI-C,3,revue de pertinence,priorité fondée sur les verrous de l’état initial
PUB-0206,other_cross_domain,Socle / transversal,,synthèse / cadrage,B — citation/identifiant vérifié dans ORI-C,3,revue de pertinence,priorité fondée sur les verrous de l’état initial
PUB-0207,other_cross_domain,Socle / transversal,,synthèse / cadrage,B — citation/identifiant vérifié dans ORI-C,3,revue de pertinence,priorité fondée sur les verrous de l’état initial
PUB-0208,other_cross_domain,Socle / transversal,,synthèse / cadrage,B — citation/identifiant vérifié dans ORI-C,3,revue de pertinence,priorité fondée sur les verrous de l’état initial
PUB-0209,other_cross_domain,Socle / transversal,,synthèse / cadrage,B — citation/identifiant vérifié dans ORI-C,3,revue de pertinence,priorité fondée sur les verrous de l’état initial
PUB-0210,other_cross_domain,Socle / transversal,,preuve disciplinaire / contexte,B — citation/identifiant vérifié dans ORI-C,3,revue de pertinence,priorité fondée sur les verrous de l’état initial
PUB-0211,other_cross_domain,Socle / transversal,,synthèse / cadrage,B — citation/identifiant vérifié dans ORI-C,3,revue de pertinence,priorité fondée sur les verrous de l’état initial
PUB-0212,other_cross_domain,Socle / transversal,,preuve disciplinaire / contexte,B — citation/identifiant vérifié dans ORI-C,3,revue de pertinence,priorité fondée sur les verrous de l’état initial
PUB-0213,other_cross_domain,Socle / transversal,,modèle concurrent / banc de test,B — citation/identifiant vérifié dans ORI-C,3,revue de pertinence,priorité fondée sur les verrous de l’état initial
PUB-0214,other_cross_domain,Socle / transversal,,modèle concurrent / banc de test,B — citation/identifiant vérifié dans ORI-C,3,revue de pertinence,priorité fondée sur les verrous de l’état initial
PUB-0215,other_cross_domain,Socle / transversal,,synthèse / cadrage,B — citation/identifiant vérifié dans ORI-C,3,revue de pertinence,priorité fondée sur les verrous de l’état initial
PUB-0216,other_cross_domain,Socle / transversal,,synthèse / cadrage,B — citation/identifiant vérifié dans ORI-C,3,revue de pertinence,priorité fondée sur les verrous de l’état initial
PUB-0217,paleoclimate,"Branche 2 — planètes, Système solaire et climat",H-C-001;H-C-002;H-C-003;H-C-004;H-C-005;H-C-006;H-C-007;H-C-008;H-C-009;H-C-014;H-C-015;H-C-017,preuve disciplinaire / contexte,B — citation/identifiant vérifié dans ORI-C,2,benchmark contre nouvelles familles,priorité fondée sur les verrous de l’état initial
PUB-0218,paleoclimate,"Branche 2 — planètes, Système solaire et climat",H-C-001;H-C-002;H-C-003;H-C-004;H-C-005;H-C-006;H-C-007;H-C-008;H-C-009;H-C-014;H-C-015;H-C-017,preuve disciplinaire / contexte,B — citation/identifiant vérifié dans ORI-C,2,benchmark contre nouvelles familles,priorité fondée sur les verrous de l’état initial
PUB-0219,paleoclimate,"Branche 2 — planètes, Système solaire et climat",H-C-001;H-C-002;H-C-003;H-C-004;H-C-005;H-C-006;H-C-007;H-C-008;H-C-009;H-C-014;H-C-015;H-C-017,preuve disciplinaire / contexte,B — citation/identifiant vérifié dans ORI-C,2,benchmark contre nouvelles familles,priorité fondée sur les verrous de l’état initial
PUB-0220,paleoclimate,"Branche 2 — planètes, Système solaire et climat",H-C-001;H-C-002;H-C-003;H-C-004;H-C-005;H-C-006;H-C-007;H-C-008;H-C-009;H-C-014;H-C-015;H-C-017,preuve disciplinaire / contexte,C — candidat bibliographique extrait,2,benchmark contre nouvelles familles,priorité fondée sur les verrous de l’état initial
PUB-0221,paleoclimate,"Branche 2 — planètes, Système solaire et climat",H-C-001;H-C-002;H-C-003;H-C-004;H-C-005;H-C-006;H-C-007;H-C-008;H-C-009;H-C-014;H-C-015;H-C-017,preuve disciplinaire / contexte,B — citation/identifiant vérifié dans ORI-C,2,benchmark contre nouvelles familles,priorité fondée sur les verrous de l’état initial
PUB-0222,paleoclimate,"Branche 2 — planètes, Système solaire et climat",H-C-001;H-C-002;H-C-003;H-C-004;H-C-005;H-C-006;H-C-007;H-C-008;H-C-009;H-C-014;H-C-015;H-C-017,preuve disciplinaire / contexte,B — citation/identifiant vérifié dans ORI-C,2,benchmark contre nouvelles familles,priorité fondée sur les verrous de l’état initial
PUB-0223,paleoclimate,"Branche 2 — planètes, Système solaire et climat",H-C-001;H-C-002;H-C-003;H-C-004;H-C-005;H-C-006;H-C-007;H-C-008;H-C-009;H-C-014;H-C-015;H-C-017,preuve disciplinaire / contexte,B — citation/identifiant vérifié dans ORI-C,2,benchmark contre nouvelles familles,priorité fondée sur les verrous de l’état initial
PUB-0224,paleoclimate,"Branche 2 — planètes, Système solaire et climat",H-C-001;H-C-002;H-C-003;H-C-004;H-C-005;H-C-006;H-C-007;H-C-008;H-C-009;H-C-014;H-C-015;H-C-017,preuve disciplinaire / contexte,B — citation/identifiant vérifié dans ORI-C,2,benchmark contre nouvelles familles,priorité fondée sur les verrous de l’état initial
PUB-0225,paleoclimate,"Branche 2 — planètes, Système solaire et climat",H-C-001;H-C-002;H-C-003;H-C-004;H-C-005;H-C-006;H-C-007;H-C-008;H-C-009;H-C-014;H-C-015;H-C-017,modèle concurrent / banc de test,A — titre/résumé vérifié,2,benchmark contre nouvelles familles,priorité fondée sur les verrous de l’état initial
PUB-0226,paleoclimate,"Branche 2 — planètes, Système solaire et climat",H-C-001;H-C-002;H-C-003;H-C-004;H-C-005;H-C-006;H-C-007;H-C-008;H-C-009;H-C-014;H-C-015;H-C-017,preuve disciplinaire / contexte,B — citation/identifiant vérifié dans ORI-C,2,benchmark contre nouvelles familles,priorité fondée sur les verrous de l’état initial
PUB-0227,paleoclimate,"Branche 2 — planètes, Système solaire et climat",H-C-001;H-C-002;H-C-003;H-C-004;H-C-005;H-C-006;H-C-007;H-C-008;H-C-009;H-C-014;H-C-015;H-C-017,modèle concurrent / banc de test,A — titre/résumé vérifié,2,benchmark contre nouvelles familles,priorité fondée sur les verrous de l’état initial
PUB-0228,paleoclimate,"Branche 2 — planètes, Système solaire et climat",H-C-001;H-C-002;H-C-003;H-C-004;H-C-005;H-C-006;H-C-007;H-C-008;H-C-009;H-C-014;H-C-015;H-C-017,preuve disciplinaire / contexte,B — citation/identifiant vérifié dans ORI-C,2,benchmark contre nouvelles familles,priorité fondée sur les verrous de l’état initial
PUB-0229,paleoclimate,"Branche 2 — planètes, Système solaire et climat",H-C-001;H-C-002;H-C-003;H-C-004;H-C-005;H-C-006;H-C-007;H-C-008;H-C-009;H-C-014;H-C-015;H-C-017,preuve disciplinaire / contexte,C — candidat bibliographique extrait,2,benchmark contre nouvelles familles,priorité fondée sur les verrous de l’état initial
PUB-0230,paleoclimate,"Branche 2 — planètes, Système solaire et climat",H-C-001;H-C-002;H-C-003;H-C-004;H-C-005;H-C-006;H-C-007;H-C-008;H-C-009;H-C-014;H-C-015;H-C-017,preuve disciplinaire / contexte,B — citation/identifiant vérifié dans ORI-C,2,benchmark contre nouvelles familles,priorité fondée sur les verrous de l’état initial
PUB-0231,paleoclimate,"Branche 2 — planètes, Système solaire et climat",H-C-001;H-C-002;H-C-003;H-C-004;H-C-005;H-C-006;H-C-007;H-C-008;H-C-009;H-C-014;H-C-015;H-C-017,méthode / outil,B — citation/identifiant vérifié dans ORI-C,2,benchmark contre nouvelles familles,priorité fondée sur les verrous de l’état initial
PUB-0232,planetary_differentiation,"Branche 2 — planètes, Système solaire et climat",H-M-001;H-T-001,synthèse / cadrage,A — titre/résumé vérifié,2,construire modèle historique comparatif,priorité fondée sur les verrous de l’état initial
PUB-0233,planetary_differentiation,"Branche 2 — planètes, Système solaire et climat",H-M-001;H-T-001,modèle concurrent / banc de test,A — titre/résumé vérifié,2,construire modèle historique comparatif,priorité fondée sur les verrous de l’état initial
PUB-0234,planetary_differentiation,"Branche 2 — planètes, Système solaire et climat",H-M-001;H-T-001,synthèse / cadrage,B — citation/identifiant vérifié dans ORI-C,2,construire modèle historique comparatif,priorité fondée sur les verrous de l’état initial
PUB-0235,planetary_differentiation,"Branche 2 — planètes, Système solaire et climat",H-M-001;H-T-001,preuve disciplinaire / contexte,B — citation/identifiant vérifié dans ORI-C,2,construire modèle historique comparatif,priorité fondée sur les verrous de l’état initial
PUB-0236,planetary_differentiation,"Branche 2 — planètes, Système solaire et climat",H-M-001;H-T-001,preuve disciplinaire / contexte,C — candidat bibliographique extrait,2,construire modèle historique comparatif,priorité fondée sur les verrous de l’état initial
PUB-0237,planetary_differentiation,"Branche 2 — planètes, Système solaire et climat",H-M-001;H-T-001,synthèse / cadrage,B — citation/identifiant vérifié dans ORI-C,2,construire modèle historique comparatif,priorité fondée sur les verrous de l’état initial
PUB-0238,planetary_differentiation,"Branche 2 — planètes, Système solaire et climat",H-M-001;H-T-001,données,B — citation/identifiant vérifié dans ORI-C,2,construire modèle historique comparatif,priorité fondée sur les verrous de l’état initial
PUB-0239,planetary_systems,"Branche 2 — planètes, Système solaire et climat",,données,B — citation/identifiant vérifié dans ORI-C,3,revue de pertinence,priorité fondée sur les verrous de l’état initial
PUB-0240,planetary_systems,"Branche 2 — planètes, Système solaire et climat",,données,B — citation/identifiant vérifié dans ORI-C,3,revue de pertinence,priorité fondée sur les verrous de l’état initial
PUB-0241,planetary_systems,"Branche 2 — planètes, Système solaire et climat",,données,B — citation/identifiant vérifié dans ORI-C,3,revue de pertinence,priorité fondée sur les verrous de l’état initial
PUB-0242,planetary_systems,"Branche 2 — planètes, Système solaire et climat",,preuve disciplinaire / contexte,C — candidat bibliographique extrait,3,revue de pertinence,priorité fondée sur les verrous de l’état initial
PUB-0243,planetary_systems,"Branche 2 — planètes, Système solaire et climat",,preuve disciplinaire / contexte,B — citation/identifiant vérifié dans ORI-C,3,revue de pertinence,priorité fondée sur les verrous de l’état initial
PUB-0244,planetary_systems,"Branche 2 — planètes, Système solaire et climat",,preuve disciplinaire / contexte,B — citation/identifiant vérifié dans ORI-C,3,revue de pertinence,priorité fondée sur les verrous de l’état initial
PUB-0245,planetary_systems,"Branche 2 — planètes, Système solaire et climat",,preuve disciplinaire / contexte,B — citation/identifiant vérifié dans ORI-C,3,revue de pertinence,priorité fondée sur les verrous de l’état initial
PUB-0246,planetary_systems,"Branche 2 — planètes, Système solaire et climat",,preuve disciplinaire / contexte,C — candidat bibliographique extrait,3,revue de pertinence,priorité fondée sur les verrous de l’état initial
PUB-0247,planetary_systems,"Branche 2 — planètes, Système solaire et climat",,preuve disciplinaire / contexte,B — citation/identifiant vérifié dans ORI-C,3,revue de pertinence,priorité fondée sur les verrous de l’état initial
PUB-0248,planetary_systems,"Branche 2 — planètes, Système solaire et climat",,synthèse / cadrage,B — citation/identifiant vérifié dans ORI-C,3,revue de pertinence,priorité fondée sur les verrous de l’état initial
PUB-0249,planetary_systems,"Branche 2 — planètes, Système solaire et climat",,preuve disciplinaire / contexte,C — candidat bibliographique extrait,3,revue de pertinence,priorité fondée sur les verrous de l’état initial
PUB-0250,planetary_systems,"Branche 2 — planètes, Système solaire et climat",,preuve disciplinaire / contexte,B — citation/identifiant vérifié dans ORI-C,3,revue de pertinence,priorité fondée sur les verrous de l’état initial
PUB-0251,planetary_systems,"Branche 2 — planètes, Système solaire et climat",,synthèse / cadrage,B — citation/identifiant vérifié dans ORI-C,3,revue de pertinence,priorité fondée sur les verrous de l’état initial
PUB-0252,planetary_systems,"Branche 2 — planètes, Système solaire et climat",,preuve disciplinaire / contexte,B — citation/identifiant vérifié dans ORI-C,3,revue de pertinence,priorité fondée sur les verrous de l’état initial
PUB-0253,planetary_systems,"Branche 2 — planètes, Système solaire et climat",,preuve disciplinaire / contexte,B — citation/identifiant vérifié dans ORI-C,3,revue de pertinence,priorité fondée sur les verrous de l’état initial
PUB-0254,planetary_systems,"Branche 2 — planètes, Système solaire et climat",,preuve disciplinaire / contexte,C — candidat bibliographique extrait,3,revue de pertinence,priorité fondée sur les verrous de l’état initial
PUB-0255,planetary_systems,"Branche 2 — planètes, Système solaire et climat",,preuve disciplinaire / contexte,C — candidat bibliographique extrait,3,revue de pertinence,priorité fondée sur les verrous de l’état initial
PUB-0256,planetary_systems,"Branche 2 — planètes, Système solaire et climat",,preuve disciplinaire / contexte,B — citation/identifiant vérifié dans ORI-C,3,revue de pertinence,priorité fondée sur les verrous de l’état initial
PUB-0257,planetary_systems,"Branche 2 — planètes, Système solaire et climat",,preuve disciplinaire / contexte,C — candidat bibliographique extrait,3,revue de pertinence,priorité fondée sur les verrous de l’état initial
PUB-0258,planetary_systems,"Branche 2 — planètes, Système solaire et climat",,preuve disciplinaire / contexte,B — citation/identifiant vérifié dans ORI-C,3,revue de pertinence,priorité fondée sur les verrous de l’état initial
PUB-0259,planetary_systems,"Branche 2 — planètes, Système solaire et climat",,preuve disciplinaire / contexte,B — citation/identifiant vérifié dans ORI-C,3,revue de pertinence,priorité fondée sur les verrous de l’état initial
PUB-0260,planetary_systems,"Branche 2 — planètes, Système solaire et climat",,modèle concurrent / banc de test,B — citation/identifiant vérifié dans ORI-C,3,revue de pertinence,priorité fondée sur les verrous de l’état initial
PUB-0261,planetary_systems,"Branche 2 — planètes, Système solaire et climat",,modèle concurrent / banc de test,C — candidat bibliographique extrait,3,revue de pertinence,priorité fondée sur les verrous de l’état initial
PUB-0262,planetary_systems,"Branche 2 — planètes, Système solaire et climat",,preuve disciplinaire / contexte,C — candidat bibliographique extrait,3,revue de pertinence,priorité fondée sur les verrous de l’état initial
PUB-0263,planetary_systems,"Branche 2 — planètes, Système solaire et climat",,synthèse / cadrage,B — citation/identifiant vérifié dans ORI-C,3,revue de pertinence,priorité fondée sur les verrous de l’état initial
PUB-0264,planetary_systems,"Branche 2 — planètes, Système solaire et climat",,preuve disciplinaire / contexte,B — citation/identifiant vérifié dans ORI-C,3,revue de pertinence,priorité fondée sur les verrous de l’état initial
PUB-0265,planetary_systems,"Branche 2 — planètes, Système solaire et climat",,preuve disciplinaire / contexte,C — candidat bibliographique extrait,3,revue de pertinence,priorité fondée sur les verrous de l’état initial
PUB-0266,planetary_systems,"Branche 2 — planètes, Système solaire et climat",,preuve disciplinaire / contexte,C — candidat bibliographique extrait,3,revue de pertinence,priorité fondée sur les verrous de l’état initial
PUB-0267,planetary_systems,"Branche 2 — planètes, Système solaire et climat",,preuve disciplinaire / contexte,B — citation/identifiant vérifié dans ORI-C,3,revue de pertinence,priorité fondée sur les verrous de l’état initial
PUB-0268,planetary_systems,"Branche 2 — planètes, Système solaire et climat",,preuve disciplinaire / contexte,C — candidat bibliographique extrait,3,revue de pertinence,priorité fondée sur les verrous de l’état initial
PUB-0269,planetary_systems,"Branche 2 — planètes, Système solaire et climat",,preuve disciplinaire / contexte,B — citation/identifiant vérifié dans ORI-C,3,revue de pertinence,priorité fondée sur les verrous de l’état initial
PUB-0270,planetary_systems,"Branche 2 — planètes, Système solaire et climat",,preuve disciplinaire / contexte,B — citation/identifiant vérifié dans ORI-C,3,revue de pertinence,priorité fondée sur les verrous de l’état initial
PUB-0271,planetary_systems,"Branche 2 — planètes, Système solaire et climat",,preuve disciplinaire / contexte,B — citation/identifiant vérifié dans ORI-C,3,revue de pertinence,priorité fondée sur les verrous de l’état initial
PUB-0272,planetary_systems,"Branche 2 — planètes, Système solaire et climat",,preuve disciplinaire / contexte,B — citation/identifiant vérifié dans ORI-C,3,revue de pertinence,priorité fondée sur les verrous de l’état initial
PUB-0273,planetary_systems,"Branche 2 — planètes, Système solaire et climat",,preuve disciplinaire / contexte,C — candidat bibliographique extrait,3,revue de pertinence,priorité fondée sur les verrous de l’état initial
PUB-0274,planetary_systems,"Branche 2 — planètes, Système solaire et climat",,synthèse / cadrage,C — candidat bibliographique extrait,3,revue de pertinence,priorité fondée sur les verrous de l’état initial
PUB-0275,planetary_systems,"Branche 2 — planètes, Système solaire et climat",,preuve disciplinaire / contexte,B — citation/identifiant vérifié dans ORI-C,3,revue de pertinence,priorité fondée sur les verrous de l’état initial
PUB-0276,planetary_systems,"Branche 2 — planètes, Système solaire et climat",,preuve disciplinaire / contexte,C — candidat bibliographique extrait,3,revue de pertinence,priorité fondée sur les verrous de l’état initial
PUB-0277,planetary_systems,"Branche 2 — planètes, Système solaire et climat",,preuve disciplinaire / contexte,B — citation/identifiant vérifié dans ORI-C,3,revue de pertinence,priorité fondée sur les verrous de l’état initial
PUB-0278,planetary_systems,"Branche 2 — planètes, Système solaire et climat",,preuve disciplinaire / contexte,B — citation/identifiant vérifié dans ORI-C,3,revue de pertinence,priorité fondée sur les verrous de l’état initial
PUB-0279,planetary_systems,"Branche 2 — planètes, Système solaire et climat",,preuve disciplinaire / contexte,B — citation/identifiant vérifié dans ORI-C,3,revue de pertinence,priorité fondée sur les verrous de l’état initial
PUB-0280,planetary_systems,"Branche 2 — planètes, Système solaire et climat",,preuve disciplinaire / contexte,B — citation/identifiant vérifié dans ORI-C,3,revue de pertinence,priorité fondée sur les verrous de l’état initial
PUB-0281,planetary_systems,"Branche 2 — planètes, Système solaire et climat",,preuve disciplinaire / contexte,B — citation/identifiant vérifié dans ORI-C,3,revue de pertinence,priorité fondée sur les verrous de l’état initial
PUB-0282,planetary_systems,"Branche 2 — planètes, Système solaire et climat",,preuve disciplinaire / contexte,B — citation/identifiant vérifié dans ORI-C,3,revue de pertinence,priorité fondée sur les verrous de l’état initial
PUB-0283,planetary_systems,"Branche 2 — planètes, Système solaire et climat",,preuve disciplinaire / contexte,B — citation/identifiant vérifié dans ORI-C,3,revue de pertinence,priorité fondée sur les verrous de l’état initial
PUB-0284,planetary_systems,"Branche 2 — planètes, Système solaire et climat",,preuve disciplinaire / contexte,B — citation/identifiant vérifié dans ORI-C,3,revue de pertinence,priorité fondée sur les verrous de l’état initial
PUB-0285,planetary_systems,"Branche 2 — planètes, Système solaire et climat",,preuve disciplinaire / contexte,B — citation/identifiant vérifié dans ORI-C,3,revue de pertinence,priorité fondée sur les verrous de l’état initial
PUB-0286,planetary_systems,"Branche 2 — planètes, Système solaire et climat",,preuve disciplinaire / contexte,B — citation/identifiant vérifié dans ORI-C,3,revue de pertinence,priorité fondée sur les verrous de l’état initial
PUB-0287,planetary_systems,"Branche 2 — planètes, Système solaire et climat",,preuve disciplinaire / contexte,B — citation/identifiant vérifié dans ORI-C,3,revue de pertinence,priorité fondée sur les verrous de l’état initial
PUB-0288,planetary_systems,"Branche 2 — planètes, Système solaire et climat",,preuve disciplinaire / contexte,B — citation/identifiant vérifié dans ORI-C,3,revue de pertinence,priorité fondée sur les verrous de l’état initial
PUB-0289,planetary_systems,"Branche 2 — planètes, Système solaire et climat",,preuve disciplinaire / contexte,B — citation/identifiant vérifié dans ORI-C,3,revue de pertinence,priorité fondée sur les verrous de l’état initial
PUB-0290,planetary_systems,"Branche 2 — planètes, Système solaire et climat",,preuve disciplinaire / contexte,B — citation/identifiant vérifié dans ORI-C,3,revue de pertinence,priorité fondée sur les verrous de l’état initial
PUB-0291,planetary_systems,"Branche 2 — planètes, Système solaire et climat",,preuve disciplinaire / contexte,B — citation/identifiant vérifié dans ORI-C,3,revue de pertinence,priorité fondée sur les verrous de l’état initial
PUB-0292,planetary_systems,"Branche 2 — planètes, Système solaire et climat",,preuve disciplinaire / contexte,B — citation/identifiant vérifié dans ORI-C,3,revue de pertinence,priorité fondée sur les verrous de l’état initial
PUB-0293,planetary_systems,"Branche 2 — planètes, Système solaire et climat",,preuve disciplinaire / contexte,B — citation/identifiant vérifié dans ORI-C,3,revue de pertinence,priorité fondée sur les verrous de l’état initial
PUB-0294,planetary_systems,"Branche 2 — planètes, Système solaire et climat",,preuve disciplinaire / contexte,B — citation/identifiant vérifié dans ORI-C,3,revue de pertinence,priorité fondée sur les verrous de l’état initial
PUB-0295,planetary_systems,"Branche 2 — planètes, Système solaire et climat",,preuve disciplinaire / contexte,B — citation/identifiant vérifié dans ORI-C,3,revue de pertinence,priorité fondée sur les verrous de l’état initial
PUB-0296,planetary_systems,"Branche 2 — planètes, Système solaire et climat",,preuve disciplinaire / contexte,B — citation/identifiant vérifié dans ORI-C,3,revue de pertinence,priorité fondée sur les verrous de l’état initial
PUB-0297,planetary_systems,"Branche 2 — planètes, Système solaire et climat",,preuve disciplinaire / contexte,B — citation/identifiant vérifié dans ORI-C,3,revue de pertinence,priorité fondée sur les verrous de l’état initial
PUB-0298,prebiotic_chemistry,Branche 3 — vivant,H-V-001;H-T-001,méthode / outil,A — titre/résumé vérifié,3,préparer réplication expérimentale,priorité fondée sur les verrous de l’état initial
PUB-0299,prebiotic_chemistry,Branche 3 — vivant,H-V-001;H-T-001,méthode / outil,A — titre/résumé vérifié,3,préparer réplication expérimentale,priorité fondée sur les verrous de l’état initial
PUB-0300,prebiotic_chemistry,Branche 3 — vivant,H-V-001;H-T-001,preuve disciplinaire / contexte,A — titre/résumé vérifié,3,préparer réplication expérimentale,priorité fondée sur les verrous de l’état initial
PUB-0301,prebiotic_chemistry,Branche 3 — vivant,H-V-001;H-T-001,preuve disciplinaire / contexte,A — titre/résumé vérifié,3,préparer réplication expérimentale,priorité fondée sur les verrous de l’état initial
PUB-0302,prebiotic_chemistry,Branche 3 — vivant,H-V-001;H-T-001,preuve disciplinaire / contexte,B — citation/identifiant vérifié dans ORI-C,3,préparer réplication expérimentale,priorité fondée sur les verrous de l’état initial
PUB-0303,prebiotic_chemistry,Branche 3 — vivant,H-V-001;H-T-001,modèle concurrent / banc de test,B — citation/identifiant vérifié dans ORI-C,3,préparer réplication expérimentale,priorité fondée sur les verrous de l’état initial
PUB-0304,prebiotic_chemistry,Branche 3 — vivant,H-V-001;H-T-001,preuve disciplinaire / contexte,B — citation/identifiant vérifié dans ORI-C,3,préparer réplication expérimentale,priorité fondée sur les verrous de l’état initial
PUB-0305,prebiotic_chemistry,Branche 3 — vivant,H-V-001;H-T-001,preuve disciplinaire / contexte,B — citation/identifiant vérifié dans ORI-C,3,préparer réplication expérimentale,priorité fondée sur les verrous de l’état initial
PUB-0306,prebiotic_chemistry,Branche 3 — vivant,H-V-001;H-T-001,preuve disciplinaire / contexte,B — citation/identifiant vérifié dans ORI-C,3,préparer réplication expérimentale,priorité fondée sur les verrous de l’état initial
PUB-0307,prebiotic_chemistry,Branche 3 — vivant,H-V-001;H-T-001,preuve disciplinaire / contexte,B — citation/identifiant vérifié dans ORI-C,3,préparer réplication expérimentale,priorité fondée sur les verrous de l’état initial
PUB-0308,prebiotic_chemistry,Branche 3 — vivant,H-V-001;H-T-001,modèle concurrent / banc de test,B — citation/identifiant vérifié dans ORI-C,3,préparer réplication expérimentale,priorité fondée sur les verrous de l’état initial
PUB-0309,prebiotic_chemistry,Branche 3 — vivant,H-V-001;H-T-001,méthode / outil,B — citation/identifiant vérifié dans ORI-C,3,préparer réplication expérimentale,priorité fondée sur les verrous de l’état initial
PUB-0310,protoplanetary_disks,"Branche 2 — planètes, Système solaire et climat",H-M-001;H-T-001,modèle concurrent / banc de test,A — titre/résumé vérifié,2,ajouter trajectoires chimie-transport,priorité fondée sur les verrous de l’état initial
PUB-0311,protoplanetary_disks,"Branche 2 — planètes, Système solaire et climat",H-M-001;H-T-001,synthèse / cadrage,A — titre/résumé vérifié,2,ajouter trajectoires chimie-transport,priorité fondée sur les verrous de l’état initial
PUB-0312,protoplanetary_disks,"Branche 2 — planètes, Système solaire et climat",H-M-001;H-T-001,synthèse / cadrage,A — titre/résumé vérifié,2,ajouter trajectoires chimie-transport,priorité fondée sur les verrous de l’état initial
PUB-0313,protoplanetary_disks,"Branche 2 — planètes, Système solaire et climat",H-M-001;H-T-001,synthèse / cadrage,A — titre/résumé vérifié,2,ajouter trajectoires chimie-transport,priorité fondée sur les verrous de l’état initial
PUB-0314,protoplanetary_disks,"Branche 2 — planètes, Système solaire et climat",H-M-001;H-T-001,synthèse / cadrage,A — titre/résumé vérifié,2,ajouter trajectoires chimie-transport,priorité fondée sur les verrous de l’état initial
PUB-0315,protoplanetary_disks,"Branche 2 — planètes, Système solaire et climat",H-M-001;H-T-001,preuve disciplinaire / contexte,C — candidat bibliographique extrait,2,ajouter trajectoires chimie-transport,priorité fondée sur les verrous de l’état initial
PUB-0316,protoplanetary_disks,"Branche 2 — planètes, Système solaire et climat",H-M-001;H-T-001,synthèse / cadrage,A — titre/résumé vérifié,2,ajouter trajectoires chimie-transport,priorité fondée sur les verrous de l’état initial
PUB-0317,statistics_reproducibility,Socle / transversal,H-A-001;H-C-001;H-C-002;H-C-003;H-C-004;H-C-006;H-C-008;H-C-009;H-C-014;H-C-015;H-V-002,synthèse / cadrage,B — citation/identifiant vérifié dans ORI-C,1,durcir témoins et identifiabilité,priorité fondée sur les verrous de l’état initial
PUB-0318,statistics_reproducibility,Socle / transversal,H-A-001;H-C-001;H-C-002;H-C-003;H-C-004;H-C-006;H-C-008;H-C-009;H-C-014;H-C-015;H-V-002,méthode / outil,A — titre/résumé vérifié,1,durcir témoins et identifiabilité,priorité fondée sur les verrous de l’état initial
PUB-0319,statistics_reproducibility,Socle / transversal,H-A-001;H-C-001;H-C-002;H-C-003;H-C-004;H-C-006;H-C-008;H-C-009;H-C-014;H-C-015;H-V-002,preuve disciplinaire / contexte,B — citation/identifiant vérifié dans ORI-C,1,durcir témoins et identifiabilité,priorité fondée sur les verrous de l’état initial
PUB-0320,statistics_reproducibility,Socle / transversal,H-A-001;H-C-001;H-C-002;H-C-003;H-C-004;H-C-006;H-C-008;H-C-009;H-C-014;H-C-015;H-V-002,preuve disciplinaire / contexte,B — citation/identifiant vérifié dans ORI-C,1,durcir témoins et identifiabilité,priorité fondée sur les verrous de l’état initial
PUB-0321,statistics_reproducibility,Socle / transversal,H-A-001;H-C-001;H-C-002;H-C-003;H-C-004;H-C-006;H-C-008;H-C-009;H-C-014;H-C-015;H-V-002,preuve disciplinaire / contexte,B — citation/identifiant vérifié dans ORI-C,1,durcir témoins et identifiabilité,priorité fondée sur les verrous de l’état initial
PUB-0322,statistics_reproducibility,Socle / transversal,H-A-001;H-C-001;H-C-002;H-C-003;H-C-004;H-C-006;H-C-008;H-C-009;H-C-014;H-C-015;H-V-002,méthode / outil,A — titre/résumé vérifié,1,durcir témoins et identifiabilité,priorité fondée sur les verrous de l’état initial
PUB-0323,statistics_reproducibility,Socle / transversal,H-A-001;H-C-001;H-C-002;H-C-003;H-C-004;H-C-006;H-C-008;H-C-009;H-C-014;H-C-015;H-V-002,preuve disciplinaire / contexte,B — citation/identifiant vérifié dans ORI-C,1,durcir témoins et identifiabilité,priorité fondée sur les verrous de l’état initial
PUB-0324,statistics_reproducibility,Socle / transversal,H-A-001;H-C-001;H-C-002;H-C-003;H-C-004;H-C-006;H-C-008;H-C-009;H-C-014;H-C-015;H-V-002,méthode / outil,A — titre/résumé vérifié,1,durcir témoins et identifiabilité,priorité fondée sur les verrous de l’état initial
PUB-0325,statistics_reproducibility,Socle / transversal,H-A-001;H-C-001;H-C-002;H-C-003;H-C-004;H-C-006;H-C-008;H-C-009;H-C-014;H-C-015;H-V-002,preuve disciplinaire / contexte,B — citation/identifiant vérifié dans ORI-C,1,durcir témoins et identifiabilité,priorité fondée sur les verrous de l’état initial
PUB-0326,statistics_reproducibility,Socle / transversal,H-A-001;H-C-001;H-C-002;H-C-003;H-C-004;H-C-006;H-C-008;H-C-009;H-C-014;H-C-015;H-V-002,preuve disciplinaire / contexte,B — citation/identifiant vérifié dans ORI-C,1,durcir témoins et identifiabilité,priorité fondée sur les verrous de l’état initial
PUB-0327,statistics_reproducibility,Socle / transversal,H-A-001;H-C-001;H-C-002;H-C-003;H-C-004;H-C-006;H-C-008;H-C-009;H-C-014;H-C-015;H-V-002,preuve disciplinaire / contexte,B — citation/identifiant vérifié dans ORI-C,1,durcir témoins et identifiabilité,priorité fondée sur les verrous de l’état initial
PUB-0328,statistics_reproducibility,Socle / transversal,H-A-001;H-C-001;H-C-002;H-C-003;H-C-004;H-C-006;H-C-008;H-C-009;H-C-014;H-C-015;H-V-002,preuve disciplinaire / contexte,B — citation/identifiant vérifié dans ORI-C,1,durcir témoins et identifiabilité,priorité fondée sur les verrous de l’état initial
PUB-0329,temporal_networks,Socle / transversal,H-S-002;H-M-001;H-C-007;H-T-001;H-T-002,méthode / outil,A — titre/résumé vérifié,2,remplacer graphe statique par réseau temporel,priorité fondée sur les verrous de l’état initial
PUB-0330,temporal_networks,Socle / transversal,H-S-002;H-M-001;H-C-007;H-T-001;H-T-002,synthèse / cadrage,A — titre/résumé vérifié,2,remplacer graphe statique par réseau temporel,priorité fondée sur les verrous de l’état initial
PUB-0331,temporal_networks,Socle / transversal,H-S-002;H-M-001;H-C-007;H-T-001;H-T-002,méthode / outil,A — titre/résumé vérifié,2,remplacer graphe statique par réseau temporel,priorité fondée sur les verrous de l’état initial
PUB-0332,temporal_networks,Socle / transversal,H-S-002;H-M-001;H-C-007;H-T-001;H-T-002,méthode / outil,A — titre/résumé vérifié,2,remplacer graphe statique par réseau temporel,priorité fondée sur les verrous de l’état initial
PUB-0333,temporal_networks,Socle / transversal,H-S-002;H-M-001;H-C-007;H-T-001;H-T-002,méthode / outil,A — titre/résumé vérifié,2,remplacer graphe statique par réseau temporel,priorité fondée sur les verrous de l’état initial
PUB-0334,temporal_networks,Socle / transversal,H-S-002;H-M-001;H-C-007;H-T-001;H-T-002,synthèse / cadrage,A — titre/résumé vérifié,2,remplacer graphe statique par réseau temporel,priorité fondée sur les verrous de l’état initial
PUB-0335,temporal_networks,Socle / transversal,H-S-002;H-M-001;H-C-007;H-T-001;H-T-002,synthèse / cadrage,B — citation/identifiant vérifié dans ORI-C,2,remplacer graphe statique par réseau temporel,priorité fondée sur les verrous de l’état initial
PUB-0336,topological_data_analysis,Socle / transversal,H-S-002;H-M-001;H-T-002,méthode / outil,A — titre/résumé vérifié,3,revue de pertinence,priorité fondée sur les verrous de l’état initial
