group,lab_id,sample_name,sample_note,epsilon46Ti,epsilon46Ti_2sigma,epsilon48Ti,epsilon48Ti_2sigma,epsilon50Ti,epsilon50Ti_2sigma,Ti_reference,epsilon53Cr,epsilon53Cr_2sigma,epsilon54Cr,epsilon54Cr_2sigma,Cr_reference,epsilon94Mo,epsilon94Mo_2sigma,epsilon95Mo,epsilon95Mo_2sigma,Mo_reference
Terrestrial rocks,BHVO-2,BHVO-2,Ocean island basalt,-0.01,0.04,0.02,0.03,-0.1,0.03,this study,0.14,0.09,0.2,0.12,this study,0.03,0.04,0.04,0.02,2
Terrestrial rocks,JB-2,JB-2,Arc basalt,-0.04,0.02,0.01,0.02,-0.02,0.03,this study,,,,,,0.06,0.07,0.13,0.04,9
Terrestrial rocks,JA-2,JA-2,Andesite,-0.12,0.07,0.01,0.05,0.01,0.09,this study,0.04,0.05,0.17,0.12,this study,0.09,0.04,0.12,0.04,7
Terrestrial rocks,DTS-2a,DTS-2a,Dunite,,,,,,,,0.08,0.04,0.13,0.16,this study,,,,,
Terrestrial rocks,DTS-2b,DTS-2b,Dunite,,,,,,,,0.08,0.04,0.07,0.06,this study,0.02,0.24,0.1,0.12,9
Terrestrial rocks,"""CJA""",DTS-2b,Dunite,,,,,,,,0.05,0.02,0.08,0.13,this study,0.02,0.24,0.1,0.12,9
RC,Rumuruti,Rumuruti,,-0.06567367618837139,0.08041325665618268,-0.057581739283284576,0.030218634475003205,-0.3897817997624362,0.07382155550770235,this study,0.27,0.03,-0.03,0.04,Zhu+ 21 (GCA),,,,,
RC,DI02,NWA 753,,-0.09638315640297934,0.04788154752664808,0.016580752377882826,0.0566723110271441,-0.3802445838035906,0.07894306563260928,this study,0.25436670766459946,0.04516365768261646,-0.06959922886615177,0.08832660067707149,this study,0.65,0.22,0.31,0.15,-8
RC,EW11,NWA 6145 (vein),,-0.09926898664363631,0.07351492496065143,-0.003131515929806946,0.05246132364079893,-0.44631166504540315,0.13011891760770283,this study,0.24217607005616593,0.050875577053595814,-0.11290016704446071,0.13717198411933684,this study,0.49,0.22,0.23,0.15,-6
RC,EW12,NWA 6145 (matrix),,-0.09942969527350816,0.07268233171006631,-0.0872085438901234,0.029469484239787885,-0.4436353052787829,0.14193224035930177,this study,0.17751323037940026,0.06268869609428704,-0.12684210064928259,0.14104914175296573,this study,0.49,0.22,0.23,0.15,-6
KC,DI 57,LEW 87232,,-0.2648572370755192,0.061571055863576106,-0.05645326249018431,0.06423882701048725,-1.2833509239450203,0.08310956839388739,this study,0.61,0.04,-0.41,0.09,this study,0.94,0.12,0.37,0.09,-19
Ungrouped chondrites,"""CJA/JPA""",NWA 13202 meas.,,-0.08,0.04,-0.01,0.03,-0.64,0.05,this study,0.28,0.19,-0.24,0.17,this study,0.69,0.16,0.39,0.16,-2
Ungrouped chondrites,"""JPA""",NWA 13202 corr.,,,,,,,,,,,,,,0.73,0.16,0.45,0.16,1
Ungrouped chondrites,"""GBU""",NWA 5492,,,,,,,,,,,,,,0.33,0.16,0.18,0.06,-2
Acapulcoites,DI14,Dho 125,,-0.281479955608856,0.08625546925910206,0.0012032504179138037,0.027077833370131532,-1.404174592151142,0.05847414317071395,this study,0.29,0.042842456520760824,-0.49,0.12,this study,0.94,0.12,0.41,0.07,-15
Acapulcoites,DI15,NWA 11048,,-0.30481771898506943,0.08741235898970989,-0.02752769210634387,0.04676276594350592,-1.4212042680643173,0.16017640971386204,this study,,,,,,0.56,0.11,0.28,0.12,-5
Acapulcoites,DI56,MET 01195,,-0.23307996922341165,0.06416200923810673,0.03662144096611142,0.030992096327279225,-1.3872896222714235,0.08558031889615669,this study,0.2761389756402721,0.09793153647073972,-0.6236974987040844,0.06474343723426437,this study,0.89,0.09,0.49,0.03,-4
Lodranites,EW13,GRA 95209,,-0.3139375478584487,0.0547570505346491,-0.00309626384892292,0.024308390288455887,-1.4353459789692071,0.0666516560002507,this study,0.3700701538064677,0.04746375806784174,-0.5690874670340185,0.11409456093494919,this study,1.1,0.3,0.48,0.15,-18
Lodranites,EW14,NWA 7474 meas.,,-0.32836654008170746,0.054700757869348964,0.028689280726036978,0.03933650940431715,-1.3436374170267922,0.06299656747873811,this study,0.4,0.09,-0.23,0.12,this study,,,,,
Lodranites,EW14,NWA 7474 corr.,,,,,,-1.3436374170267922,0.06299656747873811,,0.32,0.03,-0.55,0.12,this study,,,,,
Brachinites,DI17,NWA 3151,,-0.29409234365101583,0.08810895725926426,-0.1490938428014288,0.03202386149541741,-1.6154655364256085,0.08327552358092183,this study,0.1916989599839991,0.07528305533590648,-0.4106917146376454,0.09057025544266543,this study,1.14,0.22,0.61,0.15,-7
Brachinites,DI 27,NWA 4882,,-0.26868421969275774,0.08197850536588974,-0.004068787641364757,0.05252974088750057,-1.2742663742807112,0.0772321703323034,this study,,,,,,1.1,0.21,0.56,0.11,-10
Brachinites,DI 55,NWA 10637,,-0.21933560139342223,0.07421745427771592,-0.16706444856727665,0.0783959487715326,-1.3594766565344136,0.10250709313530203,this study,0.3032279812376082,0.0723472148717219,-0.2957162843836292,0.012782844406006083,this study,1.22,0.09,0.58,0.07,-15
Winonaites,EW15,HaH 193 meas.,,-0.051157088558536255,0.05389261749569946,0.0540128042466529,0.05365879023189948,-0.40998660930418723,0.13290510991803914,this study,0.55,0.05,0.51,0.14,this study,0.29,0.22,0.14,0.15,-3
Winonaites,EW15,HaH 193 corr.,,,,,,-0.40998660930418723,0.13290510991803914,,0.42,0.05,-0.02,0.14,this study,0.29,0.22,0.14,0.15,-3
Winonaites,EW22,Replicate meas.,,,,,,,,,0.55,0.04,0.49,0.09,this study,0.29,0.22,0.14,0.15,-3
Winonaites,EW22,Replicate corr.,,,,,,-0.40998660930418723,0.13290510991803914,,0.42,0.05,-0.03,0.09,this study,0.29,0.22,0.14,0.15,-3
Ureilites,EW16,NWA 5938,,-0.3303240323307025,0.06374771300184745,0.015684395778100706,0.10993716086973063,-1.8727729022745478,0.13779625146893884,this study,0.24,0.05,-0.7,0.13,this study,,,,,
Ureilites,DI26,Replicate,,-0.4065851855182545,0.06462289309125178,-0.009853866391185129,0.0732686840006537,-2.1915746390418347,0.1000056753489101,this study,,,,,,,,,,
Ureilites,EW17,DaG 999,,-0.3451859684508055,0.06677978533732165,-0.012735713366922903,0.08778580788680751,-1.8776030398119445,0.09320725014633453,this study,,,,,,,,,,
Ureilites,EW18,Sahara 98501,,-0.3475461609094473,0.04651594639047328,0.07670082869908652,0.11185697014402184,-1.9802922474017528,0.08077038700800718,this study,,,,,,,,,,
Ureilites,EW19,Dho 132,,-0.3351114099684557,0.055764442771511706,0.08828700880438344,0.07982809450889931,-2.0678268735424132,0.07741134991376265,this study,0.09,0.04,-0.97,0.09,Yamakawa+10 (APJ),0.65,0.22,0.35,0.15,-4
Ureilites,EW20,HaH 064,,-0.34389638350546775,0.09407192735068326,0.0717482798375167,0.09031342757011002,-2.002575989711042,0.1056895748657235,this study,,,,,,,,,,
Ureilites,UR62,Almahata Sitta (MS-MU-16),,-0.4322495651184107,0.11732281432320717,-0.040088350684485234,0.04527877863868035,-2.0204217420585007,0.08437710601053526,this study,0.25,0.06,-0.71,0.12,this study,,,,,
Ureilites,UR63,Almahata Sitta (MS-MU-17),,-0.3523964227737375,0.05995383602041405,0.002460483050266878,0.03232603423793203,-1.9868840466423048,0.11362941590215508,this study,,,,,,0.93,0.22,0.42,0.15,-13
Ureilites,UR64,Almahata Sitta (MS-MU-20),,-0.4437929056821943,0.06576670243318254,-0.05074510172004503,0.03162602057189131,-2.096116651642908,0.07749937948887621,this study,0.2,0.04,-0.74,0.08,this study,1.15,0.22,0.51,0.15,-18
Ureilites,UR67,ALM-A (MS-MU-011),,-0.43698208490122736,0.09599401640828248,0.032050281713139984,0.03283779316911317,-1.9441021498552609,0.07215672802146081,this study,0.45,0.05,-0.68,0.09,Zhu+20 (APJ),,,,,
Prim. enstatite achondrites,DI13,NWA 2526,,-0.03454749961144069,0.0512280953897748,0.07477816439899815,0.0614639820085417,-0.01351839597788204,0.13227259518636142,this study,0.17,0.05,0.08,0.11,this study,0.6,0.13,0.39,0.13,3
Ungrouped achondrites,DI16,NWA 1058,(WIN-like),-0.19571537520826884,0.036973547909075755,-0.06402752748122721,0.05077748526276568,-0.6759094015461699,0.09666468611816816,this study,0.5009511816189693,0.06643883612820137,-0.3850253163179789,0.06230450195122226,this study,1.31,0.11,0.68,0.09,-10
Ungrouped achondrites,DI 58,GRA 06128,(BRA-like),-0.19971906903295272,0.056793850420325795,-0.26450415771608893,0.1277084510729822,-1.71234815799582,0.05956883592029182,this study,1.2440222306932889,0.050313791743933356,-0.6303367407511917,0.14494876698599482,this study,1.03,0.22,0.6,0.15,-1
Ungrouped achondrites,DI60,NWA 6112,(BRA-like),-0.26896172271898927,0.10040414017792579,-0.072352860931435,0.0439636701296769,-1.442668992080731,0.08939989600792589,this study,0.23919693682798263,0.04388167730798743,-0.5972475589383868,0.1312095694478908,this study,1.55,0.22,0.79,0.15,-13
Ungrouped achondrites,DI61,NWA 5400,(BRA-like),-0.19365950712746383,0.09278722260616758,-0.07805373922622282,0.04314906374382266,-0.9956073022227008,0.06748508489271765,this study,0.17776711717043536,0.03734242140883991,-0.45933034926448624,0.06910521244142055,this study,0.66,0.22,0.31,0.15,-8
Angrites,DI25,NWA 4931,,-0.20168269730946875,0.08610234233056155,-0.041990216365084265,0.036906076761544344,-1.2968543452100563,0.07545823371616965,this study,0.17,0.05,-0.51,0.08,Zhu+19 (APJL),0.75,0.11,0.39,0.06,-6
Aubrites,DI11,Peña Blanca Spring,,-0.1168707283027981,0.04969659129741963,0.0259453014540371,0.04726839916626407,-0.05460495461121325,0.09221337700668744,this study,1.16,0.05,,,"Shukolyukov and Lugmair, 2004",0.58,0.22,0.16,0.15,-19
Aubrites,DI21,Peña Blanca Spring,,-0.12311768315479119,0.12320773126622639,0.03543455035548426,0.02699018749901171,-0.08757215109390547,0.07809642837175801,this study,1.16,0.05,,,"Shukolyukov and Lugmair, 2004",0.58,0.22,0.16,0.15,-19
Eucrites,DI23,NWA 11050,,-0.27161897078104014,0.05375542864981278,0.04607462836990021,0.024481059655191484,-1.2230484213642085,0.11327655690654202,this study,,,,,,,,,,
Diogenites,DI24,NWA 11049,,-0.2179736512657056,0.06659389433559618,0.029240817408111977,0.04724433574979195,-1.2542128984377454,0.09673782985880702,this study,,,,,,,,,,
Mesosiderites,DI07,Acfer 063,,-0.23647063672369942,0.09833089590397358,-0.03772363192186293,0.0786539196771191,-1.2408926968750695,0.10303848236155803,this study,0.34,0.03,-0.55,0.11,this study,1.05,0.12,0.46,0.07,-17
Mesosiderites,DI08,Ilafegh 002,,-0.28911928471744086,0.09626743525856901,-0.026696259160611618,0.054893162045013225,-1.1917457864025154,0.06256674986003638,this study,,,,,,1.01,0.16,0.45,0.12,-15
Mesosiderites,DI09,NWA 2538,,-0.33341937564213,0.049799651791863346,-0.07089601448149387,0.020944578537846523,-1.3445317997450401,0.06564645059208912,this study,,,,,,1.04,0.17,0.49,0.12,-13
OC 1 L,NWA L1,NWA 2458,L3.2,-0.4002435446901748,0.05190072894985382,0.058460159389206456,0.04418216855446014,-2.443821997805455,0.0967983469657125,this study,,,,,,5.3,0.22,3.25,0.15,9.120000000000017
OC 1 L,NWA L2,NWA 2458,L3.2,-0.1838548972805534,0.07041956914817177,-0.015363838676914673,0.03194703040123063,-1.395335035923348,0.09478157052687101,this study,,,,,,3.18,0.08,1.87,0.09,-2.527999999999997
OC 1 L,NWA L3,NWA 2458,L3.2,-0.07131063087883173,0.06038517423222065,-0.017916618104130144,0.04367584995414448,-0.4121441590507416,0.07204225147900105,this study,,,,,,1.7,0.22,1,0.15,-1.3199999999999878
OC 1 L,NWA L4,NWA 2458,L3.2,-0.2196371623773503,0.06860656535205334,0.050735134763280065,0.03046707812753443,-0.6761919635676845,0.05656906056710163,this study,,,,,,-2.57,0.28,-1.82,0.15,-28.82800000000003
OC 1 L,NWA L5,NWA 2458,L3.2,-0.1507741355877279,0.08023122886619946,-0.04416012323792348,0.030059547560659726,1.3138458554739467,0.06600102048468115,this study,,,,,,-1.36,0.24,-0.89,0.14,-7.9439999999999955
OC 1 L,NWA L6,NWA 2458,L3.2,-0.1515517139483822,0.07156830575598996,-0.05560366844608717,0.04866515110721868,-0.4046074008047436,0.0715953477590971,this study,,,,,,-20.53,0.22,-12.22,0.15,1.5879999999999228
OC 1 L,Total / Wtd. Av.,NWA 2458,L3.2,-0.21,,0.04,,-0.67,,this study,,,,,,0.44,,0.2,,-6
OC 2 L,WSG L1,WSG 95300,H3.3,-0.4608612603506347,0.061887008435430366,0.008142844669162881,0.08201941934175055,-3.2358357249034913,0.044799779606163145,this study,,,,,,-0.76,0.22,-0.4,0.15,5.295999999999995
OC 2 L,WSG L2,WSG 95300,H3.3,-0.25002024914741067,0.05780255358582993,-0.0780797961071182,0.029134747141487508,-1.535640692321779,0.0842044118336411,this study,,,,,,0.83,0.13,0.52,0.04,2.5320000000000062
OC 2 L,WSG L3,WSG 95300,H3.3,0.08614804329754687,0.07133759918978458,-0.04283964936159512,0.03227208823811072,1.6623442272767937,0.09318995537898718,this study,,,,,,-3.3,0.24,-2.1,0.15,-13.320000000000022
OC 2 L,WSG L4,WSG 95300,H3.3,-0.21389452294628963,0.10912024186678676,0.01961104884521762,0.03730057900288903,-0.5634451915030129,0.06568792889260264,this study,,,,,,-0.1,0.14,-0.17,0.12,-11.040000000000001
OC 2 L,WSG L5,WSG 95300,H3.3,-0.0338719530619073,0.05227408751018785,-0.037754557790092846,0.037819455218079286,0.6698055020658823,0.05523847908925283,this study,,,,,,3.13,0.11,1.89,0.1,2.4520000000000097
OC 2 L,WSG L6,WSG 95300,H3.3,-0.14585227358506672,0.05307592000051465,-0.01333822056631067,0.03890358785762509,-0.24752312610471378,0.081945215467122,this study,,,,,,6.4,0.22,4.32,0.15,50.56000000000003
OC 2 L,Total / Wtd. Av.,WSG 95300,H3.3,-0.19,,-0.01,,-0.56,,this study,,,,,,1.19,,0.69,,-1
OC 2 L,Average bulk OC,,,-0.13,0.02,-0.01,0.03,-0.59,0.04,Rüfenacht+23 (GCA),,,,,,0.66,0.12,0.26,0.06,-13
CM,EW23,Moapa Valley,,0.4768826482475547,0.0863588668964437,0.024191570779189913,0.04863408888537907,2.9352720576300166,0.07741664852759018,this study,,,,,,,,,,
CL,DI29,NWA 13400,,0.5320396504030859,0.08343037501201918,-0.054898277932924344,0.043836127614105345,2.72897723149775,0.1068958657992793,this study,0.14,0.13,0.7,0.13,Metzler+ 21 (GCA),1.14,0.1,0.99,0.06,31
Ungrouped chondrites,UCC9,DaG 430,CL3?,0.47969191638571235,0.05868533624632981,-0.01100760142677041,0.03797542744576016,2.227721304796907,0.12232714651366912,this study,0.04,0.02,0.75,0.04,Zhu+23 (GCA),,,,,
Ungrouped chondrites,"""CJA""",DaG 055,CL3?,,,,,2.84,0.17,this study,,,,,,,,,,
Ungrouped achondrites,DI28,NWA 6926,,0.4081781899654506,0.09134598505326262,-0.09089373369602916,0.05463980097556906,1.9233112917549366,0.13147806163466827,this study,0.26,0.05,1.44,0.11,this study,1.48,0.12,1.14,0.07,26
Bulk Allende,MS-A I,Allende (MS-A),,0.70460944396081,0.0583202512684696,-0.061967132158983564,0.037216724068784374,3.2064370516743375,0.11004980581184093,this study,,,,,,,,,,
Bulk Allende,MS-A II,Allende (MS-A),,0.6343755617719473,0.08541509761340757,-0.024960991799857526,0.04997794069478813,3.21658760830063,0.0768449063898815,this study,,,,,,,,,,
Bulk Allende,MS-A III,Allende (MS-A),,0.4972229773478887,0.07398542694071185,-0.04942908238186883,0.06507379792284582,3.390911554172001,0.09273354281503457,this study,,,,,,,,,,
Allende subsamples,A2,Allende (A2),,0.6413293304230461,0.037654679114578156,0.06075182752908933,0.04626529577970098,3.7979099349411554,0.0736682242601473,this study,,,,,,,,,,
Allende subsamples,A4,Allende (A4),,0.4658571161863224,0.09604378418513759,-0.011296382445526486,0.024252894495034923,2.222253733671951,0.10915771511515972,this study,,,,,,,,,,
Allende subsamples,A6,Allende (A6),,0.3578137332261765,0.06236210431324216,-0.04185413527188486,0.023804277586248992,2.350998954030903,0.06207713563303293,this study,,,,,,,,,,
Allende subsamples,B1,Allende (B1),,0.43974830655546526,0.0680415206535693,-0.020596978334101273,0.041362635923243296,2.839438723485696,0.07827976707751294,this study,,,,,,,,,,
Allende subsamples,B6,Allende (B6),,0.41471322675046274,0.06189786280267509,0.03533335332339682,0.042416062899957696,2.896419384215365,0.05984566272965414,this study,,,,,,,,,,
Allende subsamples,C5,Allende (C5),,0.714123165363271,0.07545229998105568,-0.005875937508873867,0.05987951317364604,4.031030131359525,0.06944965916046972,this study,,,,,,,,,,
Allende subsamples,D1,Allende (D1),,0.44808439289546376,0.06253720050190124,-0.11659174578036093,0.03711712731600752,3.0631280659228337,0.06207713563303293,this study,,,,,,,,,,
Allende subsamples,D4,Allende (D4),,0.41054781983446936,0.07336352847296335,0.0027109548104777203,0.03845659913823894,2.1585140740590765,0.10047388075911463,this study,,,,,,,,,,
Allende subsamples,E2,Allende (E2),,0.4980280433961963,0.04779922943167448,0.006303550967184508,0.036753298877032034,2.9812501159985163,0.09252434770415302,this study,,,,,,,,,,
Allende subsamples,F2,Allende (F2),,0.455324121955489,0.06957642813060046,-0.0562439215757398,0.04396717539833879,2.907068219019178,0.09550902229361359,this study,,,,,,,,,,
Allende subsamples,G1,Allende (G1),,0.5912354673528378,0.0669302435680156,-0.064258967103364,0.08589954892758424,3.0108472496450287,0.06406498648092565,this study,,,,,,,,,,
Allende subsamples,G2,Allende (G2),,0.6125180655607904,0.07428037412754769,0.0637126237072612,0.03825071798907754,3.7758978150263682,0.08431064884179296,this study,,,,,,,,,,
Ungrouped chondrites,UCC1,NWA 11086,CM an.,0.4828740243355926,0.07102404872865646,-0.06723279423252844,0.0352120690261412,2.6765362317777712,0.10758288413714784,this study,,,,,,,,,,
Ungrouped chondrites,UCC2,NWA 12957,C3.00-ung.,0.4246099369631384,0.08091920074194162,0.013307331962382948,0.022540267037785305,3.0533241624890786,0.09600215860871657,this study,,,,,,,,,,
Ungrouped chondrites,UCC3,NWA 12416,C3-ung.,0.4383290936671447,0.0925949610410344,-0.0001606115416589541,0.045581401504707075,3.080478109726955,0.06858110690337968,this study,,,,,,,,,,
Ungrouped chondrites,UCC4,NWA 5958,C2-ung.,0.45488493197121116,0.06344420796413136,0.0124665797665355,0.03546914888041812,2.810608216690694,0.10701173532237257,this study,,,,,,,,,,
Ungrouped chondrites,UCC5,Acfer 094,C2-ung.,0.37890670279194794,0.07145983443878061,0.053756178031332084,0.046243136355350246,3.4108157122809684,0.08992652902779526,this study,,,,,,,,,,
Ungrouped chondrites,UCC6,GRO 95577,CR1,0.31851823597002965,0.07714310058472892,-0.06489389522250473,0.03231854580456748,1.9147648116102367,0.08559183189457842,this study,,,,,,,,,,
Ungrouped chondrites,UCC7,NWA 11024,CM-an.,0.44626247199971064,0.07086661111475911,-0.002324210773072202,0.04059891209764084,2.8111558619780355,0.10350524641832087,this study,,,,,,,,,,
Ungrouped chondrites,UCC8,Essebi,C2-ung.,0.4510001063631937,0.04475236355670914,0.018540907678738377,0.03318979396707027,2.968651169896012,0.09182741265882287,this study,,,,,,,,,,
