lineage_id,cycle,mic,lag_time,growth_rate,survival,persister_fraction,fitness
W_AMK12p5_N0p25_P01,1,,,,0.875,,
W_AMK12p5_N0p25_P02,1,,,,1.09,,
W_AMK12p5_N0p25_P03,1,,,,0.842,,
W_AMK12p5_N0p25_P01,2,,,,0.667,,
W_AMK12p5_N0p25_P02,2,,,,0.958,,
W_AMK12p5_N0p25_P03,2,,,,0.417,,
W_AMK12p5_N0p25_P04,2,,,,0.457,,
W_AMK12p5_N0p25_P05,2,,,,0.0721,,
W_AMK12p5_N0p25_P06,2,,,,0.0988,,
W_AMK12p5_N0p25_P07,2,,,,0.121,,
W_AMK12p5_N0p25_P08,2,,,,0.107,,
W_AMK12p5_N0p25_P09,2,,,,0.415,,
W_AMK12p5_N0p25_P10,2,,,,0.5,,
W_AMK12p5_N0p25_P11,2,,,,0.37,,
W_AMK12p5_N0p25_P12,2,,,,0.714,,
W_AMK12p5_N0p25_P13,2,,,,0.296,,
W_AMK12p5_N0p25_P14,2,,,,0.129,,
W_AMK12p5_N0p25_P15,2,,,,0.581,,
W_AMK12p5_N0p25_P16,2,,,,0.556,,
W_AMK12p5_N0p25_P17,2,,,,0.567,,
W_AMK12p5_N0p25_P18,2,,,,0.433,,
W_AMK12p5_N0p25_P19,2,,,,0.18,,
W_AMK12p5_N0p25_P20,2,,,,0.111,,
W_AMK12p5_N0p25_P21,2,,,,0.195,,
W_AMK12p5_N0p25_P22,2,,,,0.167,,
W_AMK12p5_N0p25_P01,5,,,,0.879,,
W_AMK12p5_N0p25_P02,5,,,,1.11,,
W_AMK12p5_N0p25_P03,5,,,,0.9,,
W_AMK12p5_N0p25_P04,5,,,,0.917,,
W_AMK12p5_N0p25_P05,5,,,,0.863,,
W_AMK12p5_N0p25_P06,5,,,,0.97,,
W_AMK12p5_N0p25_P07,5,,,,0.857,,
W_AMK12p5_N0p25_P08,5,,,,1.23,,
W_AMK12p5_N0p25_P09,5,,,,0.698,,
W_AMK12p5_N0p25_P10,5,,,,0.745,,
W_AMK12p5_N0p25_P11,5,,,,1.0,,
W_AMK12p5_N0p25_P12,5,,,,0.889,,
W_AMK12p5_N0p25_P13,5,,,,1.07,,
W_AMK12p5_N0p25_P14,5,,,,1.21,,
W_AMK12p5_N0p25_P15,5,,,,1.02,,
W_AMK12p5_N0p25_P16,5,,,,0.818,,
W_AMK12p5_N0p25_P17,5,,,,0.97,,
W_AMK12p5_N0p25_P18,5,,,,1.41,,
W_AMK12p5_N0p25_P19,5,,,,1.05,,
W_AMK12p5_N0p25_P20,5,,,,1.08,,
W_AMK12p5_N0p25_P21,5,,,,0.813,,
W_AMK12p5_N0p25_P22,5,,,,1.25,,
W_AMK12p5_N0p25_P01,8,,,,0.567,,
W_AMK12p5_N0p25_P02,8,,,,0.941,,
W_AMK12p5_N0p25_P04,8,,,,0.553,,
W_AMK12p5_N0p25_P05,8,,,,0.343,,
W_AMK12p5_N0p25_P06,8,,,,0.481,,
W_AMK12p5_N0p25_P07,8,,,,0.381,,
W_AMK12p5_N0p25_P08,8,,,,0.376,,
W_AMK12p5_N0p25_P09,8,,,,0.706,,
W_AMK12p5_N0p25_P10,8,,,,0.757,,
W_AMK12p5_N0p25_P11,8,,,,1.12,,
W_AMK12p5_N0p25_P12,8,,,,1.03,,
W_AMK12p5_N0p25_P13,8,,,,0.456,,
W_AMK12p5_N0p25_P14,8,,,,0.566,,
W_AMK12p5_N0p25_P15,8,,,,0.513,,
W_AMK12p5_N0p25_P16,8,,,,0.702,,
W_AMK12p5_N0p25_P17,8,,,,0.762,,
W_AMK12p5_N0p25_P18,8,,,,0.973,,
W_AMK12p5_N0p25_P19,8,,,,0.792,,
W_AMK12p5_N0p25_P20,8,,,,0.627,,
W_AMK12p5_N0p25_P21,8,,,,0.519,,
W_AMK12p5_N0p25_P22,8,,,,0.79,,
W_AMK12p5_N0p25_P01,11,,,,0.6,,
W_AMK12p5_N0p25_P02,11,,,,0.696,,
W_AMK12p5_N0p25_P04,11,,,,0.782,,
W_AMK12p5_N0p25_P05,11,,,,0.508,,
W_AMK12p5_N0p25_P06,11,,,,0.561,,
W_AMK12p5_N0p25_P08,11,,,,0.667,,
W_AMK12p5_N0p25_P09,11,,,,0.741,,
W_AMK12p5_N0p25_P10,11,,,,0.485,,
W_AMK12p5_N0p25_P11,11,,,,0.494,,
W_AMK12p5_N0p25_P12,11,,,,0.848,,
W_AMK12p5_N0p25_P13,11,,,,0.778,,
W_AMK12p5_N0p25_P14,11,,,,0.966,,
W_AMK12p5_N0p25_P15,11,,,,0.41,,
W_AMK12p5_N0p25_P16,11,,,,0.648,,
W_AMK12p5_N0p25_P17,11,,,,0.8,,
W_AMK12p5_N0p25_P18,11,,,,0.912,,
W_AMK12p5_N0p25_P19,11,,,,0.687,,
W_AMK12p5_N0p25_P20,11,,,,0.817,,
W_AMK12p5_N0p25_P21,11,,,,0.667,,
W_AMK12p5_N0p25_P22,11,,,,0.485,,
W_AMK12p5_N0p5_P01,1,,,,0.000326,,
W_AMK12p5_N0p5_P02,1,,,,0.000305,,
W_AMK12p5_N0p5_P03,1,,,,0.000407,,
W_AMK12p5_N0p5_P01,2,,,,0.000215,,
W_AMK12p5_N0p5_P02,2,,,,0.000297,,
W_AMK12p5_N0p5_P03,2,,,,0.000188,,
W_AMK12p5_N0p5_P04,2,,,,0.000185,,
W_AMK12p5_N0p5_P05,2,,,,0.000226,,
W_AMK12p5_N0p5_P06,2,,,,0.0002,,
W_AMK12p5_N0p5_P07,2,,,,0.000185,,
W_AMK12p5_N0p5_P08,2,,,,0.000411,,
W_AMK12p5_N0p5_P09,2,,,,0.000205,,
W_AMK12p5_N0p5_P10,2,,,,0.000364,,
W_AMK12p5_N0p5_P11,2,,,,0.000247,,
W_AMK12p5_N0p5_P12,2,,,,0.00019,,
W_AMK12p5_N0p5_P13,2,,,,0.00368,,
W_AMK12p5_N0p5_P14,2,,,,0.000191,,
W_AMK12p5_N0p5_P15,2,,,,0.000268,,
W_AMK12p5_N0p5_P16,2,,,,0.00095,,
W_AMK12p5_N0p5_P17,2,,,,0.000247,,
W_AMK12p5_N0p5_P18,2,,,,0.000224,,
W_AMK12p5_N0p5_P19,2,,,,0.000257,,
W_AMK12p5_N0p5_P01,5,,,,0.00485,,
W_AMK12p5_N0p5_P04,5,,,,0.0006,,
W_AMK12p5_N0p5_P07,5,,,,0.0922,,
W_AMK12p5_N0p5_P08,5,,,,0.005,,
W_AMK12p5_N0p5_P10,5,,,,0.00636,,
W_AMK12p5_N0p5_P12,5,,,,0.0636,,
W_AMK12p5_N0p5_P17,5,,,,0.00421,,
W_AMK12p5_N0p5_P19,5,,,,0.0684,,
W_AMK12p5_N0p5_P01,8,,,,0.824,,
W_AMK12p5_N0p5_P02,8,,,,1.12,,
W_AMK12p5_N0p5_P03,8,,,,0.267,,
W_AMK12p5_N0p5_P04,8,,,,0.144,,
W_AMK12p5_N0p5_P05,8,,,,1.1,,
W_AMK12p5_N0p5_P06,8,,,,0.000257,,
W_AMK12p5_N0p5_P07,8,,,,0.016,,
W_AMK12p5_N0p5_P08,8,,,,0.0133,,
W_AMK12p5_N0p5_P09,8,,,,1.17,,
W_AMK12p5_N0p5_P10,8,,,,1.38,,
W_AMK12p5_N0p5_P11,8,,,,0.7,,
W_AMK12p5_N0p5_P12,8,,,,0.222,,
W_AMK12p5_N0p5_P13,8,,,,0.3,,
W_AMK12p5_N0p5_P14,8,,,,0.0717,,
W_AMK12p5_N0p5_P15,8,,,,0.235,,
W_AMK12p5_N0p5_P16,8,,,,0.5,,
W_AMK12p5_N0p5_P17,8,,,,0.462,,
W_AMK12p5_N0p5_P18,8,,,,0.769,,
W_AMK12p5_N0p5_P19,8,,,,0.909,,
W_AMK12p5_N0p5_P01,11,,,,1.17,,
W_AMK12p5_N0p5_P02,11,,,,0.348,,
W_AMK12p5_N0p5_P03,11,,,,1.2,,
W_AMK12p5_N0p5_P04,11,,,,0.0867,,
W_AMK12p5_N0p5_P05,11,,,,0.03,,
W_AMK12p5_N0p5_P06,11,,,,0.0145,,
W_AMK12p5_N0p5_P07,11,,,,0.556,,
W_AMK12p5_N0p5_P08,11,,,,0.0829,,
W_AMK12p5_N0p5_P09,11,,,,0.632,,
W_AMK12p5_N0p5_P11,11,,,,0.025,,
W_AMK12p5_N0p5_P12,11,,,,0.0725,,
W_AMK12p5_N0p5_P13,11,,,,1.04,,
W_AMK12p5_N0p5_P14,11,,,,0.235,,
W_AMK12p5_N0p5_P15,11,,,,0.16,,
W_AMK12p5_N0p5_P16,11,,,,0.963,,
W_AMK12p5_N0p5_P17,11,,,,0.5,,
W_AMK12p5_N0p5_P18,11,,,,0.769,,
W_AMK12p5_N0p5_P19,11,,,,0.015,,
W_AMK12p5_N0p8_P01,1,,,,0.000323,,
W_AMK12p5_N0p8_P02,1,,,,0.000289,,
W_AMK12p5_N0p8_P03,1,,,,0.000211,,
W_AMK12p5_N0p8_P01,2,,,,0.000135,,
W_AMK12p5_N0p8_P02,2,,,,9.72e-05,,
W_AMK12p5_N0p8_P03,2,,,,8.06e-05,,
W_AMK12p5_N0p8_P04,2,,,,0.000603,,
W_AMK12p5_N0p8_P05,2,,,,2.94e-05,,
W_AMK12p5_N0p8_P06,2,,,,7.69e-05,,
W_AMK12p5_N0p8_P07,2,,,,7.69e-05,,
W_AMK12p5_N0p8_P08,2,,,,0.000107,,
W_AMK12p5_N0p8_P09,2,,,,6e-05,,
W_AMK12p5_N0p8_P10,2,,,,4.76e-05,,
W_AMK12p5_N0p8_P11,2,,,,5.77e-05,,
W_AMK12p5_N0p8_P12,2,,,,9e-05,,
W_AMK12p5_N0p8_P13,2,,,,8.06e-05,,
W_AMK12p5_N0p8_P14,2,,,,6.94e-05,,
W_AMK12p5_N0p8_P15,2,,,,7.35e-05,,
W_AMK12p5_N0p8_P16,2,,,,0.000231,,
W_AMK12p5_N0p8_P20,2,,,,0.000821,,
W_AMK12p5_N0p8_P21,2,,,,0.000115,,
W_AMK12p5_N0p8_P23,2,,,,0.000139,,
W_AMK12p5_N0p8_P24,2,,,,8e-05,,
W_AMK12p5_N0p8_P01,5,,,,0.000188,,
W_AMK12p5_N0p8_P02,5,,,,0.000219,,
W_AMK12p5_N0p8_P03,5,,,,0.000243,,
W_AMK12p5_N0p8_P04,5,,,,0.000472,,
W_AMK12p5_N0p8_P06,5,,,,0.625,,
W_AMK12p5_N0p8_P10,5,,,,0.479,,
W_AMK12p5_N0p8_P12,5,,,,0.00676,,
W_AMK12p5_N0p8_P13,5,,,,2.45,,
W_AMK12p5_N0p8_P14,5,,,,0.000256,,
W_AMK12p5_N0p8_P15,5,,,,0.00101,,
W_AMK12p5_N0p8_P17,5,,,,2.63,,
W_AMK12p5_N0p8_P18,5,,,,0.96,,
W_AMK12p5_N0p8_P20,5,,,,0.001,,
W_AMK12p5_N0p8_P21,5,,,,0.0231,,
W_AMK12p5_N0p8_P22,5,,,,2.63,,
W_AMK12p5_N0p8_P23,5,,,,2.1,,
W_AMK12p5_N0p8_P01,8,,,,0.00031,,
W_AMK12p5_N0p8_P02,8,,,,2.98,,
W_AMK12p5_N0p8_P03,8,,,,0.000257,,
W_AMK12p5_N0p8_P04,8,,,,0.875,,
W_AMK12p5_N0p8_P06,8,,,,1.97,,
W_AMK12p5_N0p8_P07,8,,,,2.05,,
W_AMK12p5_N0p8_P08,8,,,,3.84,,
W_AMK12p5_N0p8_P10,8,,,,0.4,,
W_AMK12p5_N0p8_P11,8,,,,1.96,,
W_AMK12p5_N0p8_P12,8,,,,0.0182,,
W_AMK12p5_N0p8_P13,8,,,,4.04,,
W_AMK12p5_N0p8_P14,8,,,,1.64,,
W_AMK12p5_N0p8_P15,8,,,,2.66,,
W_AMK12p5_N0p8_P16,8,,,,4.12,,
W_AMK12p5_N0p8_P17,8,,,,0.833,,
W_AMK12p5_N0p8_P18,8,,,,2.0,,
W_AMK12p5_N0p8_P19,8,,,,2.84,,
W_AMK12p5_N0p8_P20,8,,,,5.45,,
W_AMK12p5_N0p8_P21,8,,,,0.575,,
W_AMK12p5_N0p8_P22,8,,,,3.75,,
W_AMK12p5_N0p8_P23,8,,,,3.11,,
W_AMK12p5_N0p8_P24,8,,,,2.26,,
W_AMK12p5_N0p8_P01,11,,,,5.0,,
W_AMK12p5_N0p8_P02,11,,,,3.1,,
W_AMK12p5_N0p8_P03,11,,,,0.000435,,
W_AMK12p5_N0p8_P04,11,,,,2.5,,
W_AMK12p5_N0p8_P06,11,,,,2.24,,
W_AMK12p5_N0p8_P07,11,,,,3.11,,
W_AMK12p5_N0p8_P08,11,,,,3.11,,
W_AMK12p5_N0p8_P10,11,,,,0.272,,
W_AMK12p5_N0p8_P11,11,,,,3.27,,
W_AMK12p5_N0p8_P12,11,,,,0.0146,,
W_AMK12p5_N0p8_P13,11,,,,2.88,,
W_AMK12p5_N0p8_P14,11,,,,1.38,,
W_AMK12p5_N0p8_P15,11,,,,2.81,,
W_AMK12p5_N0p8_P16,11,,,,0.0185,,
W_AMK12p5_N0p8_P17,11,,,,3.33,,
W_AMK12p5_N0p8_P18,11,,,,2.14,,
W_AMK12p5_N0p8_P19,11,,,,3.98,,
W_AMK12p5_N0p8_P20,11,,,,2.1,,
W_AMK12p5_N0p8_P21,11,,,,0.47,,
W_AMK12p5_N0p8_P22,11,,,,2.22,,
W_AMK12p5_N0p8_P23,11,,,,3.25,,
W_AMK12p5_N0p8_P24,11,,,,2.87,,
W_AMK25p0_N0p25_P01,1,,,,0.0174,,
W_AMK25p0_N0p25_P02,1,,,,0.0104,,
W_AMK25p0_N0p25_P03,1,,,,0.00742,,
W_AMK25p0_N0p25_P04,1,,,,0.00567,,
W_AMK25p0_N0p25_P05,1,,,,0.00571,,
W_AMK25p0_N0p25_P06,1,,,,0.00483,,
W_AMK25p0_N0p25_P07,1,,,,0.00172,,
W_AMK25p0_N0p25_P08,1,,,,0.00943,,
W_AMK25p0_N0p25_P09,1,,,,0.00647,,
W_AMK25p0_N0p25_P10,1,,,,0.0103,,
W_AMK25p0_N0p25_P11,1,,,,0.0075,,
W_AMK25p0_N0p25_P12,1,,,,0.00289,,
W_AMK25p0_N0p25_P13,1,,,,0.000667,,
W_AMK25p0_N0p25_P14,1,,,,0.00182,,
W_AMK25p0_N0p25_P15,1,,,,0.00321,,
W_AMK25p0_N0p25_P16,1,,,,0.0213,,
W_AMK25p0_N0p25_P17,1,,,,0.0177,,
W_AMK25p0_N0p25_P18,1,,,,0.00355,,
W_AMK25p0_N0p25_P19,1,,,,0.0075,,
W_AMK25p0_N0p25_P20,1,,,,0.00222,,
W_AMK25p0_N0p25_P21,1,,,,0.00118,,
W_AMK25p0_N0p25_P22,1,,,,0.00136,,
W_AMK25p0_N0p25_P01,3,,,,0.0256,,
W_AMK25p0_N0p25_P02,3,,,,0.292,,
W_AMK25p0_N0p25_P03,3,,,,0.579,,
W_AMK25p0_N0p25_P04,3,,,,0.214,,
W_AMK25p0_N0p25_P05,3,,,,0.167,,
W_AMK25p0_N0p25_P06,3,,,,0.0938,,
W_AMK25p0_N0p25_P07,3,,,,0.16,,
W_AMK25p0_N0p25_P08,3,,,,0.517,,
W_AMK25p0_N0p25_P09,3,,,,0.162,,
W_AMK25p0_N0p25_P10,3,,,,0.714,,
W_AMK25p0_N0p25_P11,3,,,,1.11,,
W_AMK25p0_N0p25_P12,3,,,,1.03,,
W_AMK25p0_N0p25_P13,3,,,,1.46,,
W_AMK25p0_N0p25_P14,3,,,,0.909,,
W_AMK25p0_N0p25_P15,3,,,,0.48,,
W_AMK25p0_N0p25_P16,3,,,,0.0185,,
W_AMK25p0_N0p25_P17,3,,,,0.9,,
W_AMK25p0_N0p25_P18,3,,,,0.219,,
W_AMK25p0_N0p25_P19,3,,,,0.286,,
W_AMK25p0_N0p25_P20,3,,,,0.206,,
W_AMK25p0_N0p25_P21,3,,,,0.367,,
W_AMK25p0_N0p25_P22,3,,,,0.273,,
W_AMK25p0_N0p25_P08,5,,,,0.571,,
W_AMK25p0_N0p25_P09,5,,,,0.625,,
W_AMK25p0_N0p25_P10,5,,,,0.935,,
W_AMK25p0_N0p25_P11,5,,,,0.828,,
W_AMK25p0_N0p25_P12,5,,,,0.654,,
W_AMK25p0_N0p25_P13,5,,,,0.571,,
W_AMK25p0_N0p25_P14,5,,,,0.3,,
W_AMK25p0_N0p25_P15,5,,,,0.364,,
W_AMK25p0_N0p25_P16,5,,,,0.35,,
W_AMK25p0_N0p25_P17,5,,,,0.87,,
W_AMK25p0_N0p25_P18,5,,,,0.923,,
W_AMK25p0_N0p25_P19,5,,,,0.905,,
W_AMK25p0_N0p25_P20,5,,,,0.455,,
W_AMK25p0_N0p25_P21,5,,,,0.667,,
W_AMK25p0_N0p25_P22,5,,,,0.167,,
W_AMK25p0_N0p25_P01,7,,,,0.793,,
W_AMK25p0_N0p25_P02,7,,,,0.917,,
W_AMK25p0_N0p25_P03,7,,,,0.879,,
W_AMK25p0_N0p25_P04,7,,,,1.0,,
W_AMK25p0_N0p25_P05,7,,,,0.744,,
W_AMK25p0_N0p25_P06,7,,,,1.0,,
W_AMK25p0_N0p25_P07,7,,,,0.813,,
W_AMK25p0_N0p25_P08,7,,,,0.568,,
W_AMK25p0_N0p25_P09,7,,,,0.818,,
W_AMK25p0_N0p25_P10,7,,,,0.00167,,
W_AMK25p0_N0p25_P11,7,,,,1.21,,
W_AMK25p0_N0p25_P12,7,,,,1.03,,
W_AMK25p0_N0p25_P13,7,,,,0.719,,
W_AMK25p0_N0p25_P14,7,,,,0.525,,
W_AMK25p0_N0p25_P15,7,,,,0.628,,
W_AMK25p0_N0p25_P16,7,,,,0.677,,
W_AMK25p0_N0p25_P17,7,,,,0.759,,
W_AMK25p0_N0p25_P18,7,,,,0.813,,
W_AMK25p0_N0p25_P19,7,,,,0.833,,
W_AMK25p0_N0p25_P21,7,,,,0.87,,
W_AMK25p0_N0p25_P01,9,,,,0.889,,
W_AMK25p0_N0p25_P02,9,,,,1.0,,
W_AMK25p0_N0p25_P03,9,,,,0.8,,
W_AMK25p0_N0p25_P04,9,,,,0.688,,
W_AMK25p0_N0p25_P05,9,,,,0.88,,
W_AMK25p0_N0p25_P06,9,,,,0.467,,
W_AMK25p0_N0p25_P07,9,,,,0.625,,
W_AMK25p0_N0p25_P08,9,,,,0.731,,
W_AMK25p0_N0p25_P09,9,,,,0.688,,
W_AMK25p0_N0p25_P10,9,,,,0.005,,
W_AMK25p0_N0p25_P11,9,,,,0.931,,
W_AMK25p0_N0p25_P12,9,,,,0.867,,
W_AMK25p0_N0p25_P13,9,,,,0.64,,
W_AMK25p0_N0p25_P14,9,,,,0.528,,
W_AMK25p0_N0p25_P15,9,,,,0.964,,
W_AMK25p0_N0p25_P16,9,,,,0.15,,
W_AMK25p0_N0p25_P17,9,,,,0.92,,
W_AMK25p0_N0p25_P18,9,,,,0.903,,
W_AMK25p0_N0p25_P19,9,,,,0.688,,
W_AMK25p0_N0p25_P20,9,,,,0.214,,
W_AMK25p0_N0p25_P21,9,,,,0.375,,
W_AMK25p0_N0p25_P22,9,,,,1.5,,
W_AMK25p0_N0p25_P01,11,,,,0.606,,
W_AMK25p0_N0p25_P02,11,,,,0.7,,
W_AMK25p0_N0p25_P03,11,,,,0.618,,
W_AMK25p0_N0p25_P04,11,,,,0.448,,
W_AMK25p0_N0p25_P05,11,,,,0.211,,
W_AMK25p0_N0p25_P06,11,,,,0.69,,
W_AMK25p0_N0p25_P07,11,,,,0.545,,
W_AMK25p0_N0p25_P08,11,,,,0.263,,
W_AMK25p0_N0p25_P09,11,,,,0.000162,,
W_AMK25p0_N0p25_P10,11,,,,0.0336,,
W_AMK25p0_N0p25_P11,11,,,,0.583,,
W_AMK25p0_N0p25_P12,11,,,,0.737,,
W_AMK25p0_N0p25_P13,11,,,,0.484,,
W_AMK25p0_N0p25_P14,11,,,,0.344,,
W_AMK25p0_N0p25_P15,11,,,,0.529,,
W_AMK25p0_N0p25_P16,11,,,,0.0233,,
W_AMK25p0_N0p25_P18,11,,,,1.0,,
W_AMK25p0_N0p25_P19,11,,,,0.045,,
W_AMK25p0_N0p25_P20,11,,,,0.12,,
W_AMK25p0_N0p25_P21,11,,,,0.0142,,
W_AMK25p0_N0p25_P22,11,,,,0.194,,
W_AMK25p0_N0p25_P01,13,,,,0.904,,
W_AMK25p0_N0p25_P02,13,,,,1.18,,
W_AMK25p0_N0p25_P03,13,,,,1.09,,
W_AMK25p0_N0p25_P04,13,,,,0.92,,
W_AMK25p0_N0p25_P05,13,,,,1.06,,
W_AMK25p0_N0p25_P06,13,,,,1.16,,
W_AMK25p0_N0p25_P07,13,,,,0.888,,
W_AMK25p0_N0p25_P08,13,,,,0.266,,
W_AMK25p0_N0p25_P09,13,,,,0.835,,
W_AMK25p0_N0p25_P10,13,,,,0.774,,
W_AMK25p0_N0p25_P11,13,,,,0.724,,
W_AMK25p0_N0p25_P12,13,,,,1.08,,
W_AMK25p0_N0p25_P13,13,,,,1.29,,
W_AMK25p0_N0p25_P14,13,,,,0.76,,
W_AMK25p0_N0p25_P15,13,,,,0.543,,
W_AMK25p0_N0p25_P16,13,,,,1.26,,
W_AMK25p0_N0p25_P17,13,,,,0.167,,
W_AMK25p0_N0p25_P18,13,,,,0.8,,
W_AMK25p0_N0p25_P19,13,,,,0.0112,,
W_AMK25p0_N0p25_P20,13,,,,0.272,,
W_AMK25p0_N0p25_P21,13,,,,0.332,,
W_AMK25p0_N0p25_P22,13,,,,0.129,,
W_AMK25p0_N0p5_P01,1,,,,0.000406,,
W_AMK25p0_N0p5_P02,1,,,,0.000367,,
W_AMK25p0_N0p5_P10,1,,,,0.000255,,
W_AMK25p0_N0p5_P01,2,,,,0.000114,,
W_AMK25p0_N0p5_P02,2,,,,8e-05,,
W_AMK25p0_N0p5_P03,2,,,,6.51e-05,,
W_AMK25p0_N0p5_P04,2,,,,0.00019,,
W_AMK25p0_N0p5_P05,2,,,,0.000166,,
W_AMK25p0_N0p5_P06,2,,,,0.00143,,
W_AMK25p0_N0p5_P07,2,,,,0.00108,,
W_AMK25p0_N0p5_P08,2,,,,0.000242,,
W_AMK25p0_N0p5_P09,2,,,,0.00013,,
W_AMK25p0_N0p5_P10,2,,,,5.37e-05,,
W_AMK25p0_N0p5_P11,2,,,,0.000161,,
W_AMK25p0_N0p5_P12,2,,,,0.001,,
W_AMK25p0_N0p5_P13,2,,,,0.00154,,
W_AMK25p0_N0p5_P14,2,,,,0.000223,,
W_AMK25p0_N0p5_P15,2,,,,5.91e-05,,
W_AMK25p0_N0p5_P16,2,,,,0.000102,,
W_AMK25p0_N0p5_P17,2,,,,8.11e-05,,
W_AMK25p0_N0p5_P18,2,,,,8.24e-05,,
W_AMK25p0_N0p5_P19,2,,,,0.00024,,
W_AMK25p0_N0p5_P20,2,,,,0.000118,,
W_AMK25p0_N0p5_P21,2,,,,0.000314,,
W_AMK25p0_N0p5_P22,2,,,,0.00293,,
W_AMK25p0_N0p5_P23,2,,,,6.82e-05,,
W_AMK25p0_N0p5_P24,2,,,,4.65e-05,,
W_AMK25p0_N0p5_P01,5,,,,0.000378,,
W_AMK25p0_N0p5_P02,5,,,,0.000436,,
W_AMK25p0_N0p5_P03,5,,,,0.0194,,
W_AMK25p0_N0p5_P04,5,,,,0.0344,,
W_AMK25p0_N0p5_P05,5,,,,0.0312,,
W_AMK25p0_N0p5_P06,5,,,,0.0313,,
W_AMK25p0_N0p5_P07,5,,,,0.0389,,
W_AMK25p0_N0p5_P09,5,,,,0.000206,,
W_AMK25p0_N0p5_P10,5,,,,0.00286,,
W_AMK25p0_N0p5_P12,5,,,,0.0312,,
W_AMK25p0_N0p5_P13,5,,,,0.0375,,
W_AMK25p0_N0p5_P14,5,,,,0.0312,,
W_AMK25p0_N0p5_P16,5,,,,0.0364,,
W_AMK25p0_N0p5_P17,5,,,,0.00024,,
W_AMK25p0_N0p5_P18,5,,,,0.0338,,
W_AMK25p0_N0p5_P20,5,,,,0.0418,,
W_AMK25p0_N0p5_P21,5,,,,0.08,,
W_AMK25p0_N0p5_P22,5,,,,0.0265,,
W_AMK25p0_N0p5_P23,5,,,,0.0356,,
W_AMK25p0_N0p5_P24,5,,,,0.0228,,
W_AMK25p0_N0p5_P01,8,,,,0.6666667,,
W_AMK25p0_N0p5_P02,8,,,,0.185,,
W_AMK25p0_N0p5_P03,8,,,,0.185,,
W_AMK25p0_N0p5_P04,8,,,,0.24,,
W_AMK25p0_N0p5_P05,8,,,,0.1575,,
W_AMK25p0_N0p5_P06,8,,,,1.0,,
W_AMK25p0_N0p5_P07,8,,,,0.866667,,
W_AMK25p0_N0p5_P08,8,,,,1.0,,
W_AMK25p0_N0p5_P09,8,,,,0.067778,,
W_AMK25p0_N0p5_P10,8,,,,0.046667,,
W_AMK25p0_N0p5_P11,8,,,,0.09,,
W_AMK25p0_N0p5_P12,8,,,,0.5217391,,
W_AMK25p0_N0p5_P13,8,,,,0.842105,,
W_AMK25p0_N0p5_P14,8,,,,0.9375,,
W_AMK25p0_N0p5_P15,8,,,,0.045455,,
W_AMK25p0_N0p5_P16,8,,,,0.75,,
W_AMK25p0_N0p5_P17,8,,,,0.6,,
W_AMK25p0_N0p5_P18,8,,,,0.027027,,
W_AMK25p0_N0p5_P19,8,,,,0.5,,
W_AMK25p0_N0p5_P20,8,,,,0.117647,,
W_AMK25p0_N0p5_P21,8,,,,0.8,,
W_AMK25p0_N0p5_P22,8,,,,0.375,,
W_AMK25p0_N0p5_P23,8,,,,0.5,,
W_AMK25p0_N0p5_P24,8,,,,0.411765,,
W_AMK25p0_N0p5_P01,11,,,,0.08,,
W_AMK25p0_N0p5_P02,11,,,,0.25,,
W_AMK25p0_N0p5_P03,11,,,,0.4,,
W_AMK25p0_N0p5_P04,11,,,,0.028,,
W_AMK25p0_N0p5_P05,11,,,,0.333,,
W_AMK25p0_N0p5_P06,11,,,,0.636,,
W_AMK25p0_N0p5_P07,11,,,,0.476,,
W_AMK25p0_N0p5_P08,11,,,,0.769,,
W_AMK25p0_N0p5_P09,11,,,,0.333,,
W_AMK25p0_N0p5_P10,11,,,,0.4,,
W_AMK25p0_N0p5_P11,11,,,,0.571,,
W_AMK25p0_N0p5_P12,11,,,,0.769,,
W_AMK25p0_N0p5_P13,11,,,,0.211,,
W_AMK25p0_N0p5_P14,11,,,,0.421,,
W_AMK25p0_N0p5_P15,11,,,,0.045,,
W_AMK25p0_N0p5_P16,11,,,,0.222,,
W_AMK25p0_N0p5_P17,11,,,,0.9,,
W_AMK25p0_N0p5_P18,11,,,,0.093,,
W_AMK25p0_N0p5_P19,11,,,,0.556,,
W_AMK25p0_N0p5_P20,11,,,,0.0025,,
W_AMK25p0_N0p5_P21,11,,,,0.0733,,
W_AMK25p0_N0p5_P22,11,,,,0.8,,
W_AMK25p0_N0p5_P23,11,,,,0.7,,
W_AMK25p0_N0p5_P24,11,,,,0.769,,
W_AMK25p0_N0p5_P01,14,,,,0.00519,,
W_AMK25p0_N0p5_P02,14,,,,0.012,,
W_AMK25p0_N0p5_P03,14,,,,0.00667,,
W_AMK25p0_N0p5_P04,14,,,,0.0075,,
W_AMK25p0_N0p5_P05,14,,,,0.0133,,
W_AMK25p0_N0p5_P06,14,,,,0.174,,
W_AMK25p0_N0p5_P07,14,,,,0.4,,
W_AMK25p0_N0p5_P08,14,,,,0.333,,
W_AMK25p0_N0p5_P09,14,,,,0.00462,,
W_AMK25p0_N0p5_P10,14,,,,0.00375,,
W_AMK25p0_N0p5_P11,14,,,,0.028,,
W_AMK25p0_N0p5_P12,14,,,,0.0145,,
W_AMK25p0_N0p5_P13,14,,,,0.143,,
W_AMK25p0_N0p5_P14,14,,,,0.429,,
W_AMK25p0_N0p5_P15,14,,,,0.087,,
W_AMK25p0_N0p5_P16,14,,,,0.9,,
W_AMK25p0_N0p5_P17,14,,,,0.0322,,
W_AMK25p0_N0p5_P18,14,,,,0.0153,,
W_AMK25p0_N0p5_P19,14,,,,0.0713,,
W_AMK25p0_N0p5_P20,14,,,,0.4,,
W_AMK25p0_N0p5_P21,14,,,,0.03,,
W_AMK25p0_N0p5_P22,14,,,,0.5,,
W_AMK25p0_N0p5_P23,14,,,,0.421,,
W_AMK25p0_N0p5_P24,14,,,,0.381,,
W_AMK25p0_N0p5_P01,16,,,,0.0343,,
W_AMK25p0_N0p5_P02,16,,,,0.571,,
W_AMK25p0_N0p5_P03,16,,,,0.25,,
W_AMK25p0_N0p5_P04,16,,,,0.0622,,
W_AMK25p0_N0p5_P05,16,,,,1.0,,
W_AMK25p0_N0p5_P06,16,,,,0.3,,
W_AMK25p0_N0p5_P07,16,,,,0.414,,
W_AMK25p0_N0p5_P08,16,,,,0.609,,
W_AMK25p0_N0p5_P09,16,,,,1.0,,
W_AMK25p0_N0p5_P10,16,,,,0.6,,
W_AMK25p0_N0p5_P11,16,,,,1.0,,
W_AMK25p0_N0p5_P12,16,,,,0.154,,
W_AMK25p0_N0p5_P13,16,,,,0.167,,
W_AMK25p0_N0p5_P14,16,,,,0.25,,
W_AMK25p0_N0p5_P15,16,,,,0.00947,,
W_AMK25p0_N0p5_P16,16,,,,0.75,,
W_AMK25p0_N0p5_P17,16,,,,0.2,,
W_AMK25p0_N0p5_P18,16,,,,0.148,,
W_AMK25p0_N0p5_P19,16,,,,0.375,,
W_AMK25p0_N0p5_P20,16,,,,0.833,,
W_AMK25p0_N0p5_P21,16,,,,0.37,,
W_AMK25p0_N0p5_P22,16,,,,1.0,,
W_AMK25p0_N0p5_P23,16,,,,0.0493,,
W_AMK25p0_N0p5_P24,16,,,,0.462,,
W_AMK25p0_N0p8_P01,2,,,,1.57e-06,,
W_AMK25p0_N0p8_P02,2,,,,4.84e-07,,
W_AMK25p0_N0p8_P03,2,,,,1.56e-06,,
W_AMK25p0_N0p8_P04,2,,,,8e-07,,
W_AMK25p0_N0p8_P01,5,,,,0.0641,,
W_AMK25p0_N0p8_P02,5,,,,0.189,,
W_AMK25p0_N0p8_P03,5,,,,0.75,,
W_AMK25p0_N0p8_P04,5,,,,1.05,,
W_AMK25p0_N0p8_P01,8,,,,0.35,,
W_AMK25p0_N0p8_P02,8,,,,0.92,,
W_AMK25p0_N0p8_P03,8,,,,0.85,,
W_AMK25p0_N0p8_P04,8,,,,5.42,,
W_AMK25p0_N0p8_P02,11,,,,0.92,,
W_AMK25p0_N0p8_P03,11,,,,0.96,,
W_AMK25p0_N0p8_P04,11,,,,1.0,,
W_AMK25p0_N0p8_P02,14,,,,0.75,,
W_AMK25p0_N0p8_P03,14,,,,0.96,,
W_AMK25p0_N0p8_P02,16,,,,0.94,,
W_AMK25p0_N0p8_P03,16,,,,0.75,,
W_AMK50p0_N0p25_P01,1,,,,0.000224,,
W_AMK50p0_N0p25_P02,1,,,,0.00028,,
W_AMK50p0_N0p25_P10,1,,,,0.000267,,
W_AMK50p0_N0p25_P01,2,,,,0.000335,,
W_AMK50p0_N0p25_P02,2,,,,0.000267,,
W_AMK50p0_N0p25_P03,2,,,,0.000145,,
W_AMK50p0_N0p25_P04,2,,,,0.00015,,
W_AMK50p0_N0p25_P05,2,,,,0.000158,,
W_AMK50p0_N0p25_P06,2,,,,0.000123,,
W_AMK50p0_N0p25_P07,2,,,,1.55e-05,,
W_AMK50p0_N0p25_P08,2,,,,0.000152,,
W_AMK50p0_N0p25_P09,2,,,,6.67e-05,,
W_AMK50p0_N0p25_P10,2,,,,0.000133,,
W_AMK50p0_N0p25_P11,2,,,,0.00015,,
W_AMK50p0_N0p25_P12,2,,,,9.23e-05,,
W_AMK50p0_N0p25_P13,2,,,,0.000175,,
W_AMK50p0_N0p25_P14,2,,,,0.000159,,
W_AMK50p0_N0p25_P15,2,,,,1e-05,,
W_AMK50p0_N0p25_P16,2,,,,5.56e-06,,
W_AMK50p0_N0p25_P17,2,,,,0.000196,,
W_AMK50p0_N0p25_P18,2,,,,0.000219,,
W_AMK50p0_N0p25_P19,2,,,,0.000107,,
W_AMK50p0_N0p25_P20,2,,,,0.000286,,
W_AMK50p0_N0p25_P21,2,,,,0.000224,,
W_AMK50p0_N0p25_P22,2,,,,3.23e-05,,
W_AMK50p0_N0p25_P23,2,,,,1.75e-05,,
W_AMK50p0_N0p25_P24,2,,,,2.47e-05,,
W_AMK50p0_N0p25_P01,5,,,,0.0175,,
W_AMK50p0_N0p25_P04,5,,,,0.023,,
W_AMK50p0_N0p25_P05,5,,,,0.00485,,
W_AMK50p0_N0p25_P07,5,,,,0.0452,,
W_AMK50p0_N0p25_P22,5,,,,0.0553,,
W_AMK50p0_N0p25_P01,8,,,,0.0143,,
W_AMK50p0_N0p25_P02,8,,,,0.551,,
W_AMK50p0_N0p25_P03,8,,,,0.04,,
W_AMK50p0_N0p25_P04,8,,,,0.344,,
W_AMK50p0_N0p25_P05,8,,,,1.33,,
W_AMK50p0_N0p25_P06,8,,,,0.912,,
W_AMK50p0_N0p25_P07,8,,,,0.0667,,
W_AMK50p0_N0p25_P08,8,,,,0.698,,
W_AMK50p0_N0p25_P09,8,,,,0.788,,
W_AMK50p0_N0p25_P10,8,,,,0.667,,
W_AMK50p0_N0p25_P11,8,,,,0.773,,
W_AMK50p0_N0p25_P12,8,,,,0.00314,,
W_AMK50p0_N0p25_P13,8,,,,0.00258,,
W_AMK50p0_N0p25_P14,8,,,,0.778,,
W_AMK50p0_N0p25_P15,8,,,,0.833,,
W_AMK50p0_N0p25_P16,8,,,,0.0358,,
W_AMK50p0_N0p25_P17,8,,,,0.978,,
W_AMK50p0_N0p25_P18,8,,,,0.758,,
W_AMK50p0_N0p25_P19,8,,,,0.652,,
W_AMK50p0_N0p25_P20,8,,,,0.937,,
W_AMK50p0_N0p25_P21,8,,,,0.215,,
W_AMK50p0_N0p25_P22,8,,,,0.938,,
W_AMK50p0_N0p25_P23,8,,,,0.812,,
W_AMK50p0_N0p25_P24,8,,,,0.556,,
W_AMK50p0_N0p25_P01,11,,,,0.111,,
W_AMK50p0_N0p25_P02,11,,,,0.596,,
W_AMK50p0_N0p25_P03,11,,,,0.373,,
W_AMK50p0_N0p25_P04,11,,,,0.571,,
W_AMK50p0_N0p25_P05,11,,,,1.0,,
W_AMK50p0_N0p25_P06,11,,,,0.208,,
W_AMK50p0_N0p25_P07,11,,,,0.267,,
W_AMK50p0_N0p25_P08,11,,,,0.389,,
W_AMK50p0_N0p25_P09,11,,,,0.444,,
W_AMK50p0_N0p25_P10,11,,,,0.583,,
W_AMK50p0_N0p25_P11,11,,,,0.667,,
W_AMK50p0_N0p25_P12,11,,,,0.444,,
W_AMK50p0_N0p25_P13,11,,,,0.0911,,
W_AMK50p0_N0p25_P14,11,,,,0.706,,
W_AMK50p0_N0p25_P15,11,,,,0.593,,
W_AMK50p0_N0p25_P16,11,,,,0.667,,
W_AMK50p0_N0p25_P17,11,,,,0.0444,,
W_AMK50p0_N0p25_P18,11,,,,0.724,,
W_AMK50p0_N0p25_P19,11,,,,0.682,,
W_AMK50p0_N0p25_P20,11,,,,0.267,,
W_AMK50p0_N0p25_P21,11,,,,0.103,,
W_AMK50p0_N0p25_P22,11,,,,0.833,,
W_AMK50p0_N0p25_P23,11,,,,0.346,,
W_AMK50p0_N0p25_P24,11,,,,0.667,,
W_AMK50p0_N0p25_P01,14,,,,0.762,,
W_AMK50p0_N0p25_P02,14,,,,0.0667,,
W_AMK50p0_N0p25_P03,14,,,,0.691,,
W_AMK50p0_N0p25_P04,14,,,,0.615,,
W_AMK50p0_N0p25_P05,14,,,,0.242,,
W_AMK50p0_N0p25_P06,14,,,,0.718,,
W_AMK50p0_N0p25_P07,14,,,,0.593,,
W_AMK50p0_N0p25_P08,14,,,,1.0,,
W_AMK50p0_N0p25_P09,14,,,,0.603,,
W_AMK50p0_N0p25_P10,14,,,,0.793,,
W_AMK50p0_N0p25_P11,14,,,,0.857,,
W_AMK50p0_N0p25_P12,14,,,,0.899,,
W_AMK50p0_N0p25_P13,14,,,,0.114,,
W_AMK50p0_N0p25_P14,14,,,,0.8,,
W_AMK50p0_N0p25_P15,14,,,,0.852,,
W_AMK50p0_N0p25_P16,14,,,,1.0,,
W_AMK50p0_N0p25_P17,14,,,,0.0229,,
W_AMK50p0_N0p25_P18,14,,,,0.889,,
W_AMK50p0_N0p25_P19,14,,,,0.639,,
W_AMK50p0_N0p25_P20,14,,,,0.889,,
W_AMK50p0_N0p25_P21,14,,,,0.508,,
W_AMK50p0_N0p25_P22,14,,,,1.0,,
W_AMK50p0_N0p25_P23,14,,,,0.863,,
W_AMK50p0_N0p25_P24,14,,,,0.865,,
W_AMK50p0_N0p25_P01,16,,,,0.444,,
W_AMK50p0_N0p25_P02,16,,,,0.8,,
W_AMK50p0_N0p25_P03,16,,,,0.167,,
W_AMK50p0_N0p25_P04,16,,,,0.392,,
W_AMK50p0_N0p25_P05,16,,,,0.163,,
W_AMK50p0_N0p25_P06,16,,,,0.0833,,
W_AMK50p0_N0p25_P07,16,,,,0.889,,
W_AMK50p0_N0p25_P08,16,,,,0.558,,
W_AMK50p0_N0p25_P09,16,,,,0.429,,
W_AMK50p0_N0p25_P10,16,,,,0.0533,,
W_AMK50p0_N0p25_P11,16,,,,2.11e-05,,
W_AMK50p0_N0p25_P12,16,,,,0.648,,
W_AMK50p0_N0p25_P13,16,,,,0.667,,
W_AMK50p0_N0p25_P14,16,,,,0.541,,
W_AMK50p0_N0p25_P15,16,,,,0.185,,
W_AMK50p0_N0p25_P16,16,,,,0.525,,
W_AMK50p0_N0p25_P17,16,,,,0.08,,
W_AMK50p0_N0p25_P18,16,,,,0.0952,,
W_AMK50p0_N0p25_P19,16,,,,0.0138,,
W_AMK50p0_N0p25_P20,16,,,,0.215,,
W_AMK50p0_N0p25_P21,16,,,,0.322,,
W_AMK50p0_N0p25_P22,16,,,,0.444,,
W_AMK50p0_N0p25_P23,16,,,,0.111,,
W_AMK50p0_N0p25_P24,16,,,,0.108,,
W_AMK50p0_N0p5_P01,1,,,,7.11e-05,,
W_AMK50p0_N0p5_P01,2,,,,4.14e-05,,
W_AMK50p0_N0p5_P02,2,,,,2.7e-05,,
W_AMK50p0_N0p5_P03,2,,,,6e-05,,
W_AMK50p0_N0p5_P04,2,,,,4.12e-05,,
W_AMK50p0_N0p5_P05,2,,,,2.79e-05,,
W_AMK50p0_N0p5_P06,2,,,,3.6e-05,,
W_AMK50p0_N0p5_P07,2,,,,3e-05,,
W_AMK50p0_N0p5_P08,2,,,,4.62e-05,,
W_AMK50p0_N0p5_P09,2,,,,3e-05,,
W_AMK50p0_N0p5_P10,2,,,,0.000195,,
W_AMK50p0_N0p5_P11,2,,,,5.5e-05,,
W_AMK50p0_N0p5_P12,2,,,,3.13e-05,,
W_AMK50p0_N0p5_P01,5,,,,0.00865,,
W_AMK50p0_N0p5_P02,5,,,,8e-05,,
W_AMK50p0_N0p5_P03,5,,,,0.0146,,
W_AMK50p0_N0p5_P04,5,,,,0.000219,,
W_AMK50p0_N0p5_P05,5,,,,0.0509,,
W_AMK50p0_N0p5_P06,5,,,,0.000103,,
W_AMK50p0_N0p5_P07,5,,,,0.0004,,
W_AMK50p0_N0p5_P08,5,,,,0.000236,,
W_AMK50p0_N0p5_P09,5,,,,0.000195,,
W_AMK50p0_N0p5_P10,5,,,,0.0182,,
W_AMK50p0_N0p5_P11,5,,,,0.000267,,
W_AMK50p0_N0p5_P12,5,,,,0.000304,,
W_AMK50p0_N0p5_P01,8,,,,0.0124,,
W_AMK50p0_N0p5_P02,8,,,,7.78e-05,,
W_AMK50p0_N0p5_P03,8,,,,0.00187,,
W_AMK50p0_N0p5_P04,8,,,,0.0235,,
W_AMK50p0_N0p5_P05,8,,,,0.000733,,
W_AMK50p0_N0p5_P06,8,,,,0.00108,,
W_AMK50p0_N0p5_P07,8,,,,0.0026,,
W_AMK50p0_N0p5_P08,8,,,,0.0269,,
W_AMK50p0_N0p5_P09,8,,,,0.00421,,
W_AMK50p0_N0p5_P10,8,,,,0.0152,,
W_AMK50p0_N0p5_P11,8,,,,0.00769,,
W_AMK50p0_N0p5_P12,8,,,,0.0004,,
W_AMK50p0_N0p5_P01,11,,,,0.00778,,
W_AMK50p0_N0p5_P02,11,,,,0.0407,,
W_AMK50p0_N0p5_P03,11,,,,6.67e-05,,
W_AMK50p0_N0p5_P04,11,,,,0.00056,,
W_AMK50p0_N0p5_P05,11,,,,0.0175,,
W_AMK50p0_N0p5_P06,11,,,,3.5e-05,,
W_AMK50p0_N0p5_P07,11,,,,0.1,,
W_AMK50p0_N0p5_P08,11,,,,0.0179,,
W_AMK50p0_N0p5_P09,11,,,,0.0268,,
W_AMK50p0_N0p5_P10,11,,,,0.00524,,
W_AMK50p0_N0p5_P11,11,,,,0.000167,,
W_AMK50p0_N0p5_P12,11,,,,0.113,,
W_AMK50p0_N0p5_P01,14,,,,0.0008,,
W_AMK50p0_N0p5_P02,14,,,,0.00686,,
W_AMK50p0_N0p5_P03,14,,,,0.00267,,
W_AMK50p0_N0p5_P04,14,,,,0.0111,,
W_AMK50p0_N0p5_P05,14,,,,0.0007,,
W_AMK50p0_N0p5_P06,14,,,,2.31e-05,,
W_AMK50p0_N0p5_P07,14,,,,0.32,,
W_AMK50p0_N0p5_P08,14,,,,0.0333,,
W_AMK50p0_N0p5_P09,14,,,,5e-05,,
W_AMK50p0_N0p5_P10,14,,,,0.00036,,
W_AMK50p0_N0p5_P11,14,,,,0.00153,,
W_AMK50p0_N0p5_P12,14,,,,0.0233,,
W_AMK50p0_N0p5_P01,16,,,,0.09,,
W_AMK50p0_N0p5_P03,16,,,,0.0767,,
W_AMK50p0_N0p5_P04,16,,,,0.247,,
W_AMK50p0_N0p5_P05,16,,,,0.0675,,
W_AMK50p0_N0p5_P06,16,,,,7.06e-05,,
W_AMK50p0_N0p5_P07,16,,,,0.0625,,
W_AMK50p0_N0p5_P08,16,,,,0.048,,
W_AMK50p0_N0p5_P09,16,,,,0.05,,
W_AMK50p0_N0p5_P10,16,,,,0.0234,,
W_AMK50p0_N0p5_P11,16,,,,0.00571,,
W_AMK50p0_N0p5_P12,16,,,,0.133,,
W_AMK100p0_N0p25_P01,1,,,,0.000137,,
W_AMK100p0_N0p25_P02,1,,,,0.000195,,
W_AMK100p0_N0p25_P07,1,,,,0.000183,,
W_AMK100p0_N0p25_P01,2,,,,6.67e-05,,
W_AMK100p0_N0p25_P02,2,,,,8.15e-05,,
W_AMK100p0_N0p25_P03,2,,,,5.75e-05,,
W_AMK100p0_N0p25_P04,2,,,,9.29e-05,,
W_AMK100p0_N0p25_P05,2,,,,8.65e-05,,
W_AMK100p0_N0p25_P06,2,,,,0.000137,,
W_AMK100p0_N0p25_P07,2,,,,0.000103,,
W_AMK100p0_N0p25_P08,2,,,,0.000106,,
W_AMK100p0_N0p25_P09,2,,,,0.000142,,
W_AMK100p0_N0p25_P10,2,,,,5.33e-05,,
W_AMK100p0_N0p25_P11,2,,,,8.52e-05,,
W_AMK100p0_N0p25_P12,2,,,,6.98e-05,,
W_AMK100p0_N0p25_P13,2,,,,0.00011,,
W_AMK100p0_N0p25_P14,2,,,,9.74e-05,,
W_AMK100p0_N0p25_P15,2,,,,0.000106,,
W_AMK100p0_N0p25_P16,2,,,,0.000107,,
W_AMK100p0_N0p25_P17,2,,,,0.000137,,
W_AMK100p0_N0p25_P18,2,,,,0.000105,,
W_AMK100p0_N0p25_P19,2,,,,5.41e-05,,
W_AMK100p0_N0p25_P01,5,,,,0.000116,,
W_AMK100p0_N0p25_P02,5,,,,0.000145,,
W_AMK100p0_N0p25_P03,5,,,,0.016,,
W_AMK100p0_N0p25_P04,5,,,,4.44e-06,,
W_AMK100p0_N0p25_P05,5,,,,1.0,,
W_AMK100p0_N0p25_P06,5,,,,0.0019,,
W_AMK100p0_N0p25_P07,5,,,,0.00163,,
W_AMK100p0_N0p25_P08,5,,,,0.0253,,
W_AMK100p0_N0p25_P09,5,,,,0.00018,,
W_AMK100p0_N0p25_P10,5,,,,0.000164,,
W_AMK100p0_N0p25_P11,5,,,,0.000178,,
W_AMK100p0_N0p25_P12,5,,,,0.0451,,
W_AMK100p0_N0p25_P13,5,,,,0.04,,
W_AMK100p0_N0p25_P14,5,,,,6.38e-05,,
W_AMK100p0_N0p25_P15,5,,,,0.00857,,
W_AMK100p0_N0p25_P16,5,,,,0.00353,,
W_AMK100p0_N0p25_P17,5,,,,6.67e-05,,
W_AMK100p0_N0p25_P18,5,,,,0.000123,,
W_AMK100p0_N0p25_P19,5,,,,0.0204,,
W_AMK100p0_N0p25_P01,8,,,,0.00092,,
W_AMK100p0_N0p25_P02,8,,,,0.0333,,
W_AMK100p0_N0p25_P03,8,,,,0.000103,,
W_AMK100p0_N0p25_P04,8,,,,0.000187,,
W_AMK100p0_N0p25_P05,8,,,,0.178,,
W_AMK100p0_N0p25_P06,8,,,,0.0167,,
W_AMK100p0_N0p25_P07,8,,,,0.00125,,
W_AMK100p0_N0p25_P08,8,,,,0.062,,
W_AMK100p0_N0p25_P09,8,,,,0.00485,,
W_AMK100p0_N0p25_P10,8,,,,0.00296,,
W_AMK100p0_N0p25_P11,8,,,,0.00602,,
W_AMK100p0_N0p25_P12,8,,,,0.000238,,
W_AMK100p0_N0p25_P13,8,,,,0.0762,,
W_AMK100p0_N0p25_P14,8,,,,0.0002,,
W_AMK100p0_N0p25_P15,8,,,,0.468,,
W_AMK100p0_N0p25_P16,8,,,,0.00772,,
W_AMK100p0_N0p25_P17,8,,,,0.000222,,
W_AMK100p0_N0p25_P18,8,,,,2.81e-05,,
W_AMK100p0_N0p25_P19,8,,,,0.00213,,
W_AMK100p0_N0p25_P02,11,,,,0.12,,
W_AMK100p0_N0p25_P03,11,,,,0.00933,,
W_AMK100p0_N0p25_P04,11,,,,0.0444,,
W_AMK100p0_N0p25_P05,11,,,,1.0,,
W_AMK100p0_N0p25_P06,11,,,,0.0824,,
W_AMK100p0_N0p25_P07,11,,,,0.0151,,
W_AMK100p0_N0p25_P08,11,,,,0.0342,,
W_AMK100p0_N0p25_P09,11,,,,0.00255,,
W_AMK100p0_N0p25_P10,11,,,,0.000889,,
W_AMK100p0_N0p25_P11,11,,,,0.013,,
W_AMK100p0_N0p25_P12,11,,,,0.00148,,
W_AMK100p0_N0p25_P13,11,,,,0.375,,
W_AMK100p0_N0p25_P14,11,,,,0.000174,,
W_AMK100p0_N0p25_P15,11,,,,0.086,,
W_AMK100p0_N0p25_P16,11,,,,0.205,,
W_AMK100p0_N0p25_P17,11,,,,0.0173,,
W_AMK100p0_N0p25_P18,11,,,,0.000386,,
W_AMK100p0_N0p25_P19,11,,,,0.000533,,
W_AMK100p0_N0p25_P01,14,,,,8.33e-06,,
W_AMK100p0_N0p25_P02,14,,,,0.0667,,
W_AMK100p0_N0p25_P03,14,,,,0.0589,,
W_AMK100p0_N0p25_P04,14,,,,0.09,,
W_AMK100p0_N0p25_P05,14,,,,0.243,,
W_AMK100p0_N0p25_P06,14,,,,0.02,,
W_AMK100p0_N0p25_P07,14,,,,3.33e-06,,
W_AMK100p0_N0p25_P08,14,,,,0.0343,,
W_AMK100p0_N0p25_P09,14,,,,0.00058,,
W_AMK100p0_N0p25_P10,14,,,,0.0133,,
W_AMK100p0_N0p25_P11,14,,,,1.02e-05,,
W_AMK100p0_N0p25_P12,14,,,,0.08,,
W_AMK100p0_N0p25_P13,14,,,,0.162,,
W_AMK100p0_N0p25_P14,14,,,,0.0187,,
W_AMK100p0_N0p25_P15,14,,,,0.172,,
W_AMK100p0_N0p25_P16,14,,,,0.0111,,
W_AMK100p0_N0p25_P17,14,,,,0.0263,,
W_AMK100p0_N0p25_P18,14,,,,0.000291,,
W_AMK100p0_N0p25_P19,14,,,,0.00107,,
W_AMK100p0_N0p25_P01,16,,,,5.71e-05,,
W_AMK100p0_N0p25_P02,16,,,,0.204,,
W_AMK100p0_N0p25_P03,16,,,,0.0889,,
W_AMK100p0_N0p25_P04,16,,,,0.0933,,
W_AMK100p0_N0p25_P05,16,,,,0.2,,
W_AMK100p0_N0p25_P06,16,,,,0.242,,
W_AMK100p0_N0p25_P08,16,,,,0.00175,,
W_AMK100p0_N0p25_P09,16,,,,8e-05,,
W_AMK100p0_N0p25_P10,16,,,,0.00262,,
W_AMK100p0_N0p25_P11,16,,,,2.33e-05,,
W_AMK100p0_N0p25_P12,16,,,,0.176,,
W_AMK100p0_N0p25_P13,16,,,,0.513,,
W_AMK100p0_N0p25_P14,16,,,,0.093,,
W_AMK100p0_N0p25_P15,16,,,,0.368,,
W_AMK100p0_N0p25_P16,16,,,,0.97,,
W_AMK100p0_N0p25_P17,16,,,,0.233,,
W_AMK100p0_N0p25_P18,16,,,,0.000733,,
W_AMK100p0_N0p25_P19,16,,,,0.0018,,
W_AMK100p0_N0p5_P01,1,,,,0.000133,,
W_AMK100p0_N0p5_P02,1,,,,0.00012,,
W_AMK100p0_N0p5_P03,1,,,,0.000144,,
W_AMK100p0_N0p5_P07,1,,,,0.00015,,
W_AMK100p0_N0p5_P08,1,,,,0.000118,,
W_AMK100p0_N0p5_P09,1,,,,0.000119,,
W_AMK100p0_N0p5_P01,2,,,,4.32e-05,,
W_AMK100p0_N0p5_P02,2,,,,2.29e-05,,
W_AMK100p0_N0p5_P03,2,,,,1.08e-05,,
W_AMK100p0_N0p5_P04,2,,,,2.29e-05,,
W_AMK100p0_N0p5_P05,2,,,,6.25e-06,,
W_AMK100p0_N0p5_P06,2,,,,8.28e-05,,
W_AMK100p0_N0p5_P07,2,,,,8.33e-05,,
W_AMK100p0_N0p5_P08,2,,,,0.000171,,
W_AMK100p0_N0p5_P09,2,,,,8.48e-05,,
W_AMK100p0_N0p5_P10,2,,,,7.18e-05,,
W_AMK100p0_N0p5_P11,2,,,,0.000129,,
W_AMK100p0_N0p5_P12,2,,,,6.51e-05,,
W_AMK100p0_N0p5_P13,2,,,,5.71e-05,,
W_AMK100p0_N0p5_P14,2,,,,0.0001,,
W_AMK100p0_N0p5_P15,2,,,,0.000118,,
W_AMK100p0_N0p5_P16,2,,,,0.000118,,
W_AMK100p0_N0p5_P17,2,,,,0.000118,,
W_AMK100p0_N0p5_P18,2,,,,7.69e-05,,
W_AMK100p0_N0p5_P19,2,,,,7.37e-05,,
W_AMK100p0_N0p5_P20,2,,,,6.84e-05,,
W_AMK100p0_N0p5_P21,2,,,,4.39e-05,,
W_AMK100p0_N0p5_P22,2,,,,9.38e-05,,
W_AMK100p0_N0p5_P23,2,,,,7.27e-05,,
W_AMK100p0_N0p5_P24,2,,,,5.2e-05,,
W_AMK100p0_N0p5_P25,2,,,,8.42e-05,,
W_AMK100p0_N0p5_P26,2,,,,0.000121,,
W_AMK100p0_N0p5_P27,2,,,,6.67e-05,,
W_AMK100p0_N0p5_P28,2,,,,8.42e-05,,
W_AMK100p0_N0p5_P29,2,,,,0.00011,,
W_AMK100p0_N0p5_P30,2,,,,0.000141,,
W_AMK100p0_N0p5_P31,2,,,,0.000124,,
W_AMK100p0_N0p5_P32,2,,,,9.66e-05,,
W_AMK100p0_N0p5_P33,2,,,,2.86e-05,,
W_AMK100p0_N0p5_P01,5,,,,6.51e-05,,
W_AMK100p0_N0p5_P03,5,,,,6.15e-05,,
W_AMK100p0_N0p5_P04,5,,,,5e-05,,
W_AMK100p0_N0p5_P05,5,,,,6.15e-05,,
W_AMK100p0_N0p5_P06,5,,,,0.000145,,
W_AMK100p0_N0p5_P07,5,,,,0.000139,,
W_AMK100p0_N0p5_P09,5,,,,0.000168,,
W_AMK100p0_N0p5_P10,5,,,,0.000126,,
W_AMK100p0_N0p5_P11,5,,,,9.3e-05,,
W_AMK100p0_N0p5_P12,5,,,,9.6e-05,,
W_AMK100p0_N0p5_P13,5,,,,0.0002,,
W_AMK100p0_N0p5_P14,5,,,,2.11e-05,,
W_AMK100p0_N0p5_P15,5,,,,0.000185,,
W_AMK100p0_N0p5_P16,5,,,,0.000169,,
W_AMK100p0_N0p5_P17,5,,,,0.000116,,
W_AMK100p0_N0p5_P18,5,,,,8.21e-05,,
W_AMK100p0_N0p5_P19,5,,,,0.000131,,
W_AMK100p0_N0p5_P20,5,,,,3.64e-05,,
W_AMK100p0_N0p5_P21,5,,,,6.67e-05,,
W_AMK100p0_N0p5_P22,5,,,,0.000119,,
W_AMK100p0_N0p5_P23,5,,,,0.000135,,
W_AMK100p0_N0p5_P24,5,,,,0.000139,,
W_AMK100p0_N0p5_P25,5,,,,0.00017,,
W_AMK100p0_N0p5_P26,5,,,,1.54e-05,,
W_AMK100p0_N0p5_P27,5,,,,7.43e-05,,
W_AMK100p0_N0p5_P28,5,,,,4.32e-05,,
W_AMK100p0_N0p5_P29,5,,,,9.09e-05,,
W_AMK100p0_N0p5_P30,5,,,,0.000133,,
W_AMK100p0_N0p5_P31,5,,,,6.96e-05,,
W_AMK100p0_N0p5_P32,5,,,,8.98e-05,,
W_AMK100p0_N0p5_P33,5,,,,8.21e-05,,
W_AMK100p0_N0p5_P03,8,,,,3.16e-05,,
W_AMK100p0_N0p5_P09,8,,,,1e-05,,
W_AMK100p0_N0p5_P16,8,,,,8.89e-05,,
W_AMK100p0_N0p5_P17,8,,,,0.00011,,
W_AMK100p0_N0p5_P19,8,,,,7.88e-05,,
W_AMK100p0_N0p5_P24,8,,,,5.56e-05,,
W_AMK100p0_N0p5_P25,8,,,,3.45e-05,,
W_AMK100p0_N0p5_P28,8,,,,2.22e-05,,
W_AMK100p0_N0p5_P29,8,,,,5.37e-05,,
W_AMK100p0_N0p5_P30,8,,,,2.93e-05,,
W_AMK100p0_N0p5_P32,8,,,,3.16e-05,,
W_AMK100p0_N0p5_P03,11,,,,3.33e-05,,
W_AMK100p0_N0p5_P03,14,,,,1.67e-05,,
W_ENDPOINT_AMK12p5_N0p25_R01,,4.0,,,,0.0035928,
W_ENDPOINT_AMK12p5_N0p25_R02,,4.0,,,,0.024260333,
W_ENDPOINT_AMK12p5_N0p25_R03,,8.0,,,,0.002538667,
W_ENDPOINT_AMK12p5_N0p25_R04,,4.0,,,,0.000406333,
W_ENDPOINT_AMK12p5_N0p25_R05,,2.0,,,,0.094935667,
W_ENDPOINT_AMK12p5_N0p25_R06,,2.0,,,,0.023094333,
W_ENDPOINT_AMK12p5_N0p25_R07,,2.0,,,,0.001078667,
W_ENDPOINT_AMK12p5_N0p25_R08,,2.0,,,,0.100845333,
W_ENDPOINT_AMK12p5_N0p25_R09,,1.0,,,,0.000302333,
W_ENDPOINT_AMK12p5_N0p25_R10,,8.0,,,,0.026236333,
W_ENDPOINT_AMK12p5_N0p25_R11,,2.0,,,,0.001034667,
W_ENDPOINT_AMK12p5_N0p25_R12,,4.0,,,,0.053265333,
W_ENDPOINT_AMK12p5_N0p25_R13,,2.0,,,,0.001293,
W_ENDPOINT_AMK12p5_N0p25_R14,,2.0,,,,0.003948667,
W_ENDPOINT_AMK12p5_N0p25_R15,,1.0,,,,0.004986,
W_ENDPOINT_AMK12p5_N0p25_R16,,4.0,,,,0.000812,
W_ENDPOINT_AMK12p5_N0p25_R17,,4.0,,,,0.00034,
W_ENDPOINT_AMK12p5_N0p25_R18,,2.0,,,,0.000524667,
W_ENDPOINT_AMK12p5_N0p25_R19,,2.0,,,,0.000581667,
W_ENDPOINT_AMK12p5_N0p25_R20,,2.0,,,,0.056527333,
W_ENDPOINT_AMK12p5_N0p5_R01,,2.0,,,,0.166,
W_ENDPOINT_AMK12p5_N0p5_R02,,2.0,,,,0.183211,
W_ENDPOINT_AMK12p5_N0p5_R03,,2.0,,,,0.135517,
W_ENDPOINT_AMK12p5_N0p5_R04,,8.0,,,,0.005178333,
W_ENDPOINT_AMK12p5_N0p5_R05,,8.0,,,,0.1148975,
W_ENDPOINT_AMK12p5_N0p5_R06,,2.0,,,,0.001163333,
W_ENDPOINT_AMK12p5_N0p5_R07,,4.0,,,,0.335494667,
W_ENDPOINT_AMK12p5_N0p5_R08,,4.0,,,,0.008899,
W_ENDPOINT_AMK12p5_N0p5_R09,,4.0,,,,0.202933667,
W_ENDPOINT_AMK12p5_N0p5_R10,,4.0,,,,0.016436667,
W_ENDPOINT_AMK12p5_N0p5_R11,,4.0,,,,0.061981333,
W_ENDPOINT_AMK12p5_N0p5_R12,,1.0,,,,0.000954333,
W_ENDPOINT_AMK12p5_N0p5_R13,,2.0,,,,0.020650333,
W_ENDPOINT_AMK12p5_N0p5_R14,,16.0,,,,0.210639667,
W_ENDPOINT_AMK12p5_N0p5_R15,,2.0,,,,0.286156,
W_ENDPOINT_AMK12p5_N0p5_R16,,2.0,,,,0.030479333,
W_ENDPOINT_AMK12p5_N0p5_R17,,2.0,,,,0.000651,
W_ENDPOINT_AMK12p5_N0p5_R18,,1.0,,,,0.268468667,
W_ENDPOINT_AMK12p5_N0p5_R19,,2.0,,,,0.021848,
W_ENDPOINT_AMK12p5_N0p8_R01,,8.0,,,,0.000274987,
W_ENDPOINT_AMK12p5_N0p8_R02,,1.0,,,,0.0010595,
W_ENDPOINT_AMK12p5_N0p8_R03,,2.0,,,,0.000590667,
W_ENDPOINT_AMK12p5_N0p8_R04,,32.0,,,,0.000219933,
W_ENDPOINT_AMK12p5_N0p8_R05,,4.0,,,,0.00169,
W_ENDPOINT_AMK12p5_N0p8_R06,,16.0,,,,0.0013855,
W_ENDPOINT_AMK12p5_N0p8_R07,,8.0,,,,0.002764333,
W_ENDPOINT_AMK12p5_N0p8_R08,,16.0,,,,0.000306833,
W_ENDPOINT_AMK12p5_N0p8_R09,,8.0,,,,0.000537667,
W_ENDPOINT_AMK12p5_N0p8_R10,,4.0,,,,0.000147368,
W_ENDPOINT_AMK12p5_N0p8_R11,,32.0,,,,0.0032819,
W_ENDPOINT_AMK12p5_N0p8_R12,,8.0,,,,0.0001042,
W_ENDPOINT_AMK12p5_N0p8_R13,,8.0,,,,0.0015,
W_ENDPOINT_AMK12p5_N0p8_R14,,32.0,,,,0.0023745,
W_ENDPOINT_AMK25p0_N0p25_R01,,1.0,,,,0.145875779,
W_ENDPOINT_AMK25p0_N0p25_R02,,2.0,,,,0.129555561,
W_ENDPOINT_AMK25p0_N0p25_R03,,2.0,,,,0.085255439,
W_ENDPOINT_AMK25p0_N0p25_R04,,4.0,,,,0.446377128,
W_ENDPOINT_AMK25p0_N0p25_R05,,8.0,,,,1.063833672,
W_ENDPOINT_AMK25p0_N0p5_R01,,1.0,,,,0.01289736,
W_ENDPOINT_AMK25p0_N0p5_R02,,8.0,,,,0.535340611,
W_ENDPOINT_AMK25p0_N0p5_R03,,16.0,,,,0.079682607,
W_ENDPOINT_AMK25p0_N0p5_R04,,16.0,,,,0.163727778,
W_ENDPOINT_AMK25p0_N0p5_R05,,0.5,,,,0.071968376,
W_ENDPOINT_AMK25p0_N0p5_R06,,4.0,,,,0.122571618,
W_ENDPOINT_AMK25p0_N0p5_R07,,8.0,,,,0.168385439,
W_ENDPOINT_AMK25p0_N0p5_R08,,8.0,,,,0.257477707,
W_ENDPOINT_AMK25p0_N0p5_R09,,8.0,,,,0.09346779,
W_ENDPOINT_AMK25p0_N0p5_R10,,8.0,,,,0.020359059,
W_ENDPOINT_AMK25p0_N0p5_R11,,16.0,,,,0.275759056,
W_ENDPOINT_AMK25p0_N0p5_R12,,8.0,,,,0.198496747,
W_ENDPOINT_AMK25p0_N0p5_R13,,8.0,,,,0.085390909,
W_ENDPOINT_AMK25p0_N0p5_R14,,8.0,,,,0.05644304,
W_ENDPOINT_AMK25p0_N0p5_R15,,2.0,,,,0.008008368,
W_ENDPOINT_AMK25p0_N0p5_R16,,4.0,,,,0.077664451,
W_ENDPOINT_AMK25p0_N0p5_R17,,2.0,,,,0.015653383,
W_ENDPOINT_AMK25p0_N0p5_R18,,4.0,,,,0.178652308,
W_ENDPOINT_AMK25p0_N0p5_R19,,4.0,,,,0.18141051,
W_ENDPOINT_AMK25p0_N0p5_R20,,16.0,,,,0.466104874,
W_ENDPOINT_AMK25p0_N0p5_R21,,8.0,,,,0.019616285,
W_ENDPOINT_AMK25p0_N0p5_R22,,2.0,,,,0.442105898,
W_ENDPOINT_AMK25p0_N0p5_R23,,8.0,,,,0.124293053,
W_ENDPOINT_AMK25p0_N0p5_R24,,4.0,,,,0.206734554,
W_ENDPOINT_AMK25p0_N0p8_R01,,32.0,,,,0.000241467,
W_ENDPOINT_AMK25p0_N0p8_R02,,64.0,,,,0.000674,
W_ENDPOINT_AMK50p0_N0p25_R01,,4.0,,,,0.016179433,
W_ENDPOINT_AMK50p0_N0p25_R02,,4.0,,,,0.218537333,
W_ENDPOINT_AMK50p0_N0p25_R03,,4.0,,,,0.264102333,
W_ENDPOINT_AMK50p0_N0p25_R04,,8.0,,,,0.278980333,
W_ENDPOINT_AMK50p0_N0p25_R05,,8.0,,,,0.023650667,
W_ENDPOINT_AMK50p0_N0p25_R06,,8.0,,,,0.208388,
W_ENDPOINT_AMK50p0_N0p25_R07,,4.0,,,,0.104623,
W_ENDPOINT_AMK50p0_N0p25_R08,,8.0,,,,0.605417667,
W_ENDPOINT_AMK50p0_N0p25_R09,,16.0,,,,0.350261,
W_ENDPOINT_AMK50p0_N0p25_R10,,16.0,,,,0.204675667,
W_ENDPOINT_AMK50p0_N0p25_R11,,2.0,,,,0.335331667,
W_ENDPOINT_AMK50p0_N0p25_R12,,8.0,,,,0.06663,
W_ENDPOINT_AMK50p0_N0p25_R13,,2.0,,,,0.401882667,
W_ENDPOINT_AMK50p0_N0p25_R14,,4.0,,,,0.291763333,
W_ENDPOINT_AMK50p0_N0p25_R15,,4.0,,,,0.444836667,
W_ENDPOINT_AMK50p0_N0p25_R16,,4.0,,,,0.098728,
W_ENDPOINT_AMK50p0_N0p25_R17,,2.0,,,,0.274153667,
W_ENDPOINT_AMK50p0_N0p25_R18,,4.0,,,,0.414069,
W_ENDPOINT_AMK50p0_N0p25_R19,,8.0,,,,0.209523,
W_ENDPOINT_AMK50p0_N0p25_R20,,1.0,,,,0.027337667,
W_ENDPOINT_AMK50p0_N0p25_R21,,2.0,,,,0.224552,
W_ENDPOINT_AMK50p0_N0p5_R01,,16.0,,,,0.263474624,
W_ENDPOINT_AMK50p0_N0p5_R02,,8.0,,,,0.002298066,
W_ENDPOINT_AMK50p0_N0p5_R03,,16.0,,,,0.613310058,
W_ENDPOINT_AMK50p0_N0p5_R04,,8.0,,,,0.000674545,
W_ENDPOINT_AMK50p0_N0p5_R05,,32.0,,,,0.000628485,
W_ENDPOINT_AMK50p0_N0p5_R06,,4.0,,,,0.221892658,
W_ENDPOINT_AMK50p0_N0p5_R07,,8.0,,,,0.000380067,
W_ENDPOINT_AMK50p0_N0p5_R08,,8.0,,,,0.013342796,
W_ENDPOINT_AMK50p0_N0p5_R09,,8.0,,,,0.646218966,
W_ENDPOINT_AMK50p0_N0p5_R10,,8.0,,,,0.224049775,
W_ENDPOINT_AMK100p0_N0p25_R01,,4.0,,,,6.77e-05,
W_ENDPOINT_AMK100p0_N0p25_R02,,16.0,,,,0.396884313,
W_ENDPOINT_AMK100p0_N0p25_R03,,8.0,,,,0.082878457,
W_ENDPOINT_AMK100p0_N0p25_R04,,8.0,,,,0.016906541,
W_ENDPOINT_AMK100p0_N0p25_R05,,8.0,,,,0.000181421,
W_ENDPOINT_AMK100p0_N0p25_R06,,16.0,,,,0.004375607,
W_ENDPOINT_AMK100p0_N0p25_R07,,16.0,,,,0.001025439,
W_ENDPOINT_AMK100p0_N0p25_R08,,32.0,,,,0.537934641,
W_ENDPOINT_AMK100p0_N0p25_R09,,16.0,,,,0.182346873,
W_ENDPOINT_AMK100p0_N0p25_R10,,8.0,,,,0.006645695,
W_ENDPOINT_AMK100p0_N0p25_R11,,4.0,,,,0.002336609,
