frequency_per_year,period_years,power
2.4998750062496877e-07,4000199.9999999995,6.3342356579307335
2.999850007499625e-07,3333500.0,7.290705924304012
3.499825008749562e-07,2857285.7142857146,7.509991031457715
3.9998000099995e-07,2500125.0,7.464110225774884
4.4997750112494376e-07,2222333.3333333335,7.556004611173747
4.999750012499375e-07,2000099.9999999998,7.448327175554852
5.499725013749312e-07,1818272.7272727275,7.091739321671753
5.99970001499925e-07,1666750.0,6.283676470786375
6.499675016249188e-07,1538538.4615384615,0.7549394084363501
6.999650017499124e-07,1428642.8571428573,0.739713118067237
7.499625018749062e-07,1333400.0,0.7048256247164018
7.999600019999e-07,1250062.5,0.8337965947642374
8.499575021248938e-07,1176529.4117647058,4.604364960216354
8.999550022498875e-07,1111166.6666666667,5.943386731456691
9.499525023748812e-07,1052684.210526316,5.860490948806678
9.99950002499875e-07,1000049.9999999999,6.058894259331688
1.0499475026248687e-06,952428.5714285715,6.186137095472918
1.0999450027498624e-06,909136.3636363638,5.940255347554876
1.1499425028748563e-06,869608.6956521738,4.855795177993663
1.19994000299985e-06,833375.0,4.629426891208603
1.2499375031248436e-06,800040.0000000001,1.0305640968276333
1.2999350032498375e-06,769269.2307692308,2.95188023237435
1.3499325033748312e-06,740777.7777777779,3.435048840320115
1.3999300034998249e-06,714321.4285714286,3.508963921586538
1.4499275036248187e-06,689689.6551724138,3.551806640261799
1.4999250037498124e-06,666700.0,3.4787566581356972
1.5499225038748063e-06,645193.5483870967,2.7286427311085766
1.5999200039998e-06,625031.25,2.849348408805246
1.6499175041247936e-06,606090.9090909092,0.9910874047580869
1.6999150042497875e-06,588264.7058823529,0.8049834366083681
1.7499125043747812e-06,571457.1428571428,0.2106210794004703
1.799910004499775e-06,555583.3333333334,0.26818292546547967
1.8499075046247687e-06,540567.5675675676,0.45054076283195854
1.8999050047497624e-06,526342.105263158,2.821973186209985
1.9499025048747563e-06,512846.1538461539,3.476184278352716
1.99990000499975e-06,500024.99999999994,3.350306618552748
2.0498975051247436e-06,487829.26829268294,3.326646623365367
2.0998950052497375e-06,476214.28571428574,3.1758833336199843
2.1498925053747314e-06,465139.5348837209,2.969762898703219
2.199890005499725e-06,454568.1818181819,3.423358608529535
2.2498875056247187e-06,444466.6666666667,2.0335730065435036
2.2998850057497126e-06,434804.3478260869,66.49150440777964
2.349882505874706e-06,425553.19148936175,73.53129643523698
2.3998800059997e-06,416687.5,75.47751220952613
2.449877506124694e-06,408183.67346938775,76.01983189647225
2.4998750062496873e-06,400020.00000000006,75.68871209107749
2.549872506374681e-06,392176.4705882353,73.29307207386213
2.599870006499675e-06,384634.6153846154,71.74629157017864
2.6498675066246685e-06,377377.3584905661,46.04682489375533
2.6998650067496624e-06,370388.88888888893,2.014221400725749
2.7498625068746562e-06,363654.54545454547,1.0501726132993832
2.7998600069996497e-06,357160.7142857143,1.3197795612027006
2.8498575071246436e-06,350894.7368421053,1.3221014808644487
2.8998550072496375e-06,344844.8275862069,1.5799901075822784
2.9498525073746313e-06,339000.0,1.4703989388123297
2.999850007499625e-06,333350.0,1.3060281001192717
3.0498475076246187e-06,327885.24590163934,1.3643836179633817
3.0998450077496126e-06,322596.77419354836,0.22820130637221434
3.149842507874606e-06,317476.1904761905,0.24447455770540744
3.1998400079996e-06,312515.625,0.2779521898248176
3.2498375081245938e-06,307707.6923076923,0.21368417500722928
3.2998350082495872e-06,303045.4545454546,0.2380211333145247
3.349832508374581e-06,298522.3880597015,0.25350322134568576
3.399830008499575e-06,294132.35294117645,0.2506767715530826
3.4498275086245685e-06,289869.56521739135,0.23756857608729268
3.4998250087495623e-06,285728.5714285714,0.2306185206227292
3.5498225088745562e-06,281704.22535211267,0.23113543673176556
3.59982000899955e-06,277791.6666666667,0.19619879475405638
3.6498175091245436e-06,273986.30136986304,0.18023758719540448
3.6998150092495374e-06,270283.7837837838,0.13318982426518186
3.7498125093745313e-06,266680.0,0.04997582363137872
3.7998100094995248e-06,263171.052631579,0.09237153942499184
3.849807509624518e-06,259753.24675324679,0.1193410004560114
3.8998050097495125e-06,256423.07692307694,0.1100942192282431
3.949802509874506e-06,253177.21518987344,0.11056308910001501
3.9998000099995e-06,250012.49999999997,0.12877866955132572
4.049797510124494e-06,246925.92592592593,0.12138107242135236
4.099795010249487e-06,243914.63414634147,0.12030431485067497
4.1497925103744815e-06,240975.9036144578,0.04791311028434179
4.199790010499475e-06,238107.14285714287,0.06585882273518245
4.2497875106244684e-06,235305.8823529412,0.06978752201147521
4.299785010749463e-06,232569.76744186046,0.06781593437391373
4.349782510874456e-06,229896.55172413794,0.17784977968863408
4.39978001099945e-06,227284.09090909094,0.1820840548928496
4.449777511124444e-06,224730.33707865168,0.1994366294872202
4.499775011249437e-06,222233.33333333334,0.18820258006385202
4.549772511374431e-06,219791.2087912088,0.18768520787732193
4.599770011499425e-06,217402.17391304346,0.18370904694994006
4.649767511624419e-06,215064.51612903227,0.19068892602155746
4.699765011749412e-06,212776.59574468088,0.15374335618289672
4.749762511874406e-06,210536.84210526315,0.2083583948121655
4.7997600119994e-06,208343.75,0.36298145939409926
4.849757512124393e-06,206195.8762886598,0.5484846759349812
4.899755012249388e-06,204091.83673469388,0.5594334057272282
4.949752512374381e-06,202030.30303030304,0.6230857345374802
4.9997500124993745e-06,200010.00000000003,0.7170148793192769
5.049747512624369e-06,198029.70297029702,0.9176227721713351
5.099745012749362e-06,196088.23529411765,0.953650163902224
5.149742512874356e-06,194184.4660194175,0.5516419673818115
5.19974001299935e-06,192317.3076923077,0.6489787016694045
5.2497375131243435e-06,190485.7142857143,0.7512065933715336
5.299735013249337e-06,188688.67924528304,0.7774058737022226
5.349732513374331e-06,186925.2336448598,0.7863640387752909
5.399730013499325e-06,185194.44444444447,0.3205222305773843
5.449727513624318e-06,183495.4128440367,1.1260376024632621
5.4997250137493125e-06,181827.27272727274,1.1436440180540441
5.549722513874306e-06,180189.1891891892,1.052123494857494
5.599720013999299e-06,178580.35714285716,0.9358704486815432
5.649717514124294e-06,177000.0,0.8993340483935613
5.699715014249287e-06,175447.36842105264,0.8155296689892728
5.7497125143742815e-06,173921.73913043478,0.8683627442347976
5.799710014499275e-06,172422.41379310345,0.30921119217550824
5.849707514624268e-06,170948.71794871797,0.2108952551435809
5.899705014749263e-06,169500.0,0.2344692634017227
5.949702514874256e-06,168075.63025210085,0.26149169451090765
5.99970001499925e-06,166675.0,0.27880637603130837
6.049697515124244e-06,165297.52066115703,0.3037596845441857
6.099695015249237e-06,163942.62295081967,0.3019298772877664
6.149692515374231e-06,162609.75609756098,0.20476214429410522
6.199690015499225e-06,161298.38709677418,0.11999667992037752
6.249687515624219e-06,160008.0,0.11290724412973845
6.299685015749212e-06,158738.09523809524,0.10542961524583148
6.349682515874206e-06,157488.18897637795,0.06637909991422082
6.3996800159992e-06,156257.8125,0.05977859700237736
6.449677516124193e-06,155046.511627907,0.15137975148161995
6.4996750162491876e-06,153853.84615384616,0.14049754125493774
6.549672516374181e-06,152679.38931297712,0.15970649638421094
6.5996700164991745e-06,151522.7272727273,0.15488097262591077
6.649667516624169e-06,150383.45864661655,0.19686807243352608
6.699665016749162e-06,149261.19402985074,0.19885977601902874
6.749662516874156e-06,148155.55555555556,0.1932765811722339
6.79966001699915e-06,147066.17647058822,0.21243693074943687
6.8496575171241435e-06,145992.70072992702,0.1219078360612145
6.899655017249137e-06,144934.78260869568,0.15635248717307146
6.949652517374131e-06,143892.08633093524,0.15885932818567644
6.999650017499125e-06,142864.2857142857,0.13330644925547847
7.049647517624118e-06,141851.06382978725,0.4414783022119288
7.0996450177491124e-06,140852.11267605633,0.5132732143648647
7.149642517874106e-06,139867.13286713287,0.5610987566519087
7.1996400179991e-06,138895.83333333334,0.5589644637613335
7.249637518124094e-06,137937.93103448275,0.588928835961928
7.299635018249087e-06,136993.15068493152,1.6625229723032209
7.3496325183740814e-06,136061.22448979592,1.5653563771532892
7.399630018499075e-06,135141.8918918919,1.615982082976787
7.449627518624068e-06,134234.89932885906,3.187724183982804
7.499625018749063e-06,133340.0,14.975100621218294
7.549622518874056e-06,132456.95364238412,15.431619365755054
7.5996200189990496e-06,131585.5263157895,15.321078452931403
7.649617519124044e-06,130725.49019607843,14.76167810942628
7.699615019249036e-06,129876.62337662339,15.595215949410859
7.74961251937403e-06,129038.70967741936,15.87017751512482
7.799610019499025e-06,128211.53846153847,16.26576424825162
7.849607519624018e-06,127394.90445859874,4.08612320501816
7.899605019749012e-06,126588.60759493672,24.398624329820148
7.949602519874006e-06,125792.45283018867,27.210637292738802
7.999600019999e-06,125006.24999999999,27.9153133509915
8.049597520123993e-06,124229.81366459628,27.51641878854436
8.099595020248988e-06,123462.96296296296,26.741365952773126
8.149592520373982e-06,122705.52147239263,26.219012216194066
8.199590020498974e-06,121957.31707317074,26.612634952379146
8.249587520623969e-06,121218.18181818182,21.12724328578314
8.299585020748963e-06,120487.9518072289,1.8433164615154058
8.349582520873956e-06,119766.46706586827,1.8722601456629417
8.39958002099895e-06,119053.57142857143,1.9424096450907715
8.449577521123944e-06,118349.1124260355,1.8751819825604892
8.499575021248937e-06,117652.9411764706,1.9437027176265222
8.549572521373931e-06,116964.91228070176,1.9112238596777058
8.599570021498925e-06,116284.88372093023,1.578129444955225
8.649567521623918e-06,115612.7167630058,1.335945110034125
8.699565021748912e-06,114948.27586206897,0.2508046035760016
8.749562521873907e-06,114291.42857142857,0.3631177284794917
8.7995600219989e-06,113642.04545454547,0.4452322266216865
8.849557522123894e-06,113000.0,0.4797558700084199
8.899555022248888e-06,112365.16853932584,0.413595754623222
8.94955252237388e-06,111737.43016759778,1.4640783316647819
8.999550022498875e-06,111116.66666666667,1.6606337638380526
9.049547522623869e-06,110502.76243093923,1.715420024534905
9.099545022748862e-06,109895.6043956044,1.9677475109017766
9.149542522873856e-06,109295.08196721312,1.9391675510971953
9.19954002299885e-06,108701.08695652173,1.717084156486121
9.249537523123843e-06,108113.51351351352,1.9663074936675884
9.299535023248837e-06,107532.25806451614,0.7993246506998223
9.349532523373832e-06,106957.2192513369,3.5022420668650827
9.399530023498824e-06,106388.29787234044,3.6166620865943484
9.449527523623818e-06,105825.39682539683,3.929699478421554
9.499525023748813e-06,105268.42105263157,3.424278938039832
9.549522523873805e-06,104717.277486911,3.953945652152867
9.5995200239988e-06,104171.875,3.8174885243276804
9.649517524123794e-06,103632.12435233161,3.871806948758635
9.699515024248787e-06,103097.9381443299,2.925652776961973
9.749512524373781e-06,102569.23076923078,2.6294624503295267
9.799510024498775e-06,102045.91836734694,3.155876300744132
9.849507524623768e-06,101527.9187817259,3.379865646966202
9.899505024748762e-06,101015.15151515152,2.80544766604246
9.949502524873756e-06,100507.53768844221,19.814174833805517
9.999500024998749e-06,100005.00000000001,21.435882337463187
1.0049497525123743e-05,99507.46268656717,22.145645786142204
1.0099495025248738e-05,99014.85148514851,22.1631431157825
1.014949252537373e-05,98527.09359605913,20.387116151219058
1.0199490025498725e-05,98044.11764705883,21.447205425343505
1.0249487525623719e-05,97565.85365853658,21.163349587862065
1.0299485025748712e-05,97092.23300970875,14.694443293328149
1.0349482525873706e-05,96623.1884057971,18.828990064062673
1.03994800259987e-05,96158.65384615384,42.27033095687067
1.0449477526123693e-05,95698.56459330145,45.96555504712962
1.0499475026248687e-05,95242.85714285714,47.02325843737206
1.0549472526373681e-05,94791.4691943128,46.17445753631713
1.0599470026498674e-05,94344.33962264152,46.92445933283482
1.0649467526623668e-05,93901.40845070423,46.33023127352626
1.0699465026748663e-05,93462.6168224299,45.26301640869649
1.0749462526873655e-05,93027.9069767442,3.504921160286831
1.079946002699865e-05,92597.22222222223,1.0831662751199305
1.0849457527123644e-05,92170.50691244239,0.8950636666719569
1.0899455027248636e-05,91747.70642201835,0.9973349578433534
1.094945252737363e-05,91328.76712328767,1.034710128713255
1.0999450027498625e-05,90913.63636363637,0.8056883826653608
1.1049447527623618e-05,90502.26244343893,0.7046683444639683
1.1099445027748612e-05,90094.5945945946,0.6661431331119207
1.1149442527873606e-05,89690.58295964125,0.35747780715643096
1.1199440027998599e-05,89290.17857142858,0.22898769259939153
1.1249437528123593e-05,88893.33333333334,0.22790626571068634
1.1299435028248587e-05,88500.0,0.3003222393571278
1.1349432528373582e-05,88110.1321585903,0.2973229473460649
1.1399430028498574e-05,87723.68421052632,0.3097770082864711
1.1449427528623569e-05,87340.61135371179,0.30006561016040983
1.1499425028748563e-05,86960.86956521739,0.32662195779240577
1.1549422528873556e-05,86584.41558441559,0.3236935904306863
1.159942002899855e-05,86211.20689655172,0.14017810869462308
1.1649417529123544e-05,85841.2017167382,0.09630039204213905
1.1699415029248537e-05,85474.35897435898,0.08172017158865283
1.1749412529373531e-05,85110.63829787234,0.08507701172391778
1.1799410029498525e-05,84750.0,0.2549028129881619
1.1849407529623518e-05,84392.40506329114,0.3324109900919105
1.1899405029748512e-05,84037.81512605042,0.44728444842443654
1.1949402529873507e-05,83686.19246861925,0.46467545168967217
1.19994000299985e-05,83337.5,0.47060200003971137
1.2049397530123494e-05,82991.70124481327,0.4705077011537545
1.2099395030248488e-05,82648.76033057852,0.4316955764442407
1.214939253037348e-05,82308.64197530865,0.4634699119153634
1.2199390030498475e-05,81971.31147540984,0.14367137568769955
1.2249387530623469e-05,81636.73469387754,0.20484620815223778
1.2299385030748462e-05,81304.87804878049,0.1621603546028695
1.2349382530873456e-05,80975.7085020243,0.16512797908539836
1.239938003099845e-05,80649.19354838709,0.2834046819514661
1.2449377531123443e-05,80325.30120481929,0.5037933567761627
1.2499375031248437e-05,80004.0,0.5158997668792771
1.2549372531373431e-05,79685.25896414343,0.533658518589618
1.2599370031498424e-05,79369.04761904762,0.4169628305582047
1.2649367531623418e-05,79055.33596837946,0.4937084627946055
1.2699365031748413e-05,78744.09448818897,0.45275861206460394
1.2749362531873405e-05,78435.29411764706,0.463287961947162
1.27993600319984e-05,78128.90625,0.14257293193795215
1.2849357532123394e-05,77824.9027237354,1.4486863947016246
1.2899355032248387e-05,77523.2558139535,1.541948428073765
1.294935253237338e-05,77223.93822393822,1.578902534624533
1.2999350032498375e-05,76926.92307692308,1.5622094638607866
1.3049347532623368e-05,76632.18390804599,1.5397543651705998
1.3099345032748362e-05,76339.69465648856,1.524131914329264
1.3149342532873356e-05,76049.42965779468,1.4831624022933325
1.3199340032998349e-05,75761.36363636365,0.6837682785909001
1.3249337533123343e-05,75475.47169811321,0.14111388373415673
1.3299335033248338e-05,75191.72932330827,0.12479915982225623
1.334933253337333e-05,74910.11235955056,0.1368727233152529
1.3399330033498324e-05,74630.59701492537,0.13793694481102406
1.3449327533623319e-05,74353.15985130111,0.12247062606395602
1.3499325033748311e-05,74077.77777777778,0.11713306459053678
1.3549322533873306e-05,73804.42804428044,0.12140234607203963
1.35993200339983e-05,73533.08823529411,0.12994340003606633
1.3649317534123293e-05,73263.73626373627,0.02737412379098506
1.3699315034248287e-05,72996.35036496351,0.030821390832276217
1.3749312534373281e-05,72730.90909090909,0.0374194370857227
1.3799310034498274e-05,72467.39130434784,0.03432536390190589
1.3849307534623268e-05,72205.77617328521,0.04725757656296507
1.3899305034748262e-05,71946.04316546762,0.05188442472400112
1.3949302534873255e-05,71688.17204301075,0.05065915467305233
1.399930003499825e-05,71432.14285714286,0.05088043250328027
1.4049297535123244e-05,71177.9359430605,0.032809917251096644
1.4099295035248236e-05,70925.53191489363,0.03642691953301201
1.414929253537323e-05,70674.91166077739,0.03717260231449187
1.4199290035498225e-05,70426.05633802817,0.03967726574307696
1.4249287535623217e-05,70178.94736842105,0.03246936889619821
1.4299285035748212e-05,69933.56643356643,0.071464279423048
1.4349282535873206e-05,69689.89547038327,0.07763536101955068
1.43992800359982e-05,69447.91666666667,0.08326737150820851
1.4449277536123193e-05,69207.6124567474,0.08064833401546566
1.4499275036248187e-05,68968.96551724138,0.07727941653730055
1.4549272536373182e-05,68731.9587628866,0.07737581472937867
1.4599270036498174e-05,68496.57534246576,0.09458292576753911
1.4649267536623169e-05,68262.7986348123,0.054297075325247926
1.4699265036748163e-05,68030.61224489796,0.05006148240072361
1.4749262536873155e-05,67800.0,0.04285926914288269
1.479926003699815e-05,67570.94594594595,0.04405086110000728
1.4849257537123144e-05,67343.43434343435,0.04448517031765681
1.4899255037248137e-05,67117.44966442953,0.037748551215423455
1.4949252537373131e-05,66892.97658862876,0.038627332647422276
1.4999250037498125e-05,66670.0,0.028453071595449984
1.5049247537623118e-05,66448.5049833887,0.026549764267252283
1.5099245037748112e-05,66228.47682119206,0.026671836796581524
1.5149242537873107e-05,66009.900990099,0.030657757066319135
1.5199240037998099e-05,65792.76315789475,0.031213046688619038
1.5249237538123093e-05,65577.04918032787,0.02682340527253582
1.5299235038248088e-05,65362.74509803922,0.06716926581561901
1.534923253837308e-05,65149.83713355049,0.08527330168322696
1.5399230038498073e-05,64938.311688311696,0.09903063880905713
1.544922753862307e-05,64728.155339805824,0.1068890660472545
1.549922503874806e-05,64519.35483870968,0.09435314900111424
1.5549222538873054e-05,64311.89710610933,0.10810141957754944
1.559922003899805e-05,64105.769230769234,0.10629633338786758
1.5649217539123043e-05,63900.95846645368,0.10134256748765488
1.5699215039248035e-05,63697.45222929937,0.03198594702563143
1.574921253937303e-05,63495.23809523809,0.03709903946470973
1.5799210039498024e-05,63294.30379746836,0.05386077986731159
1.5849207539623017e-05,63094.63722397477,0.13841989129229781
1.5899205039748013e-05,62896.22641509434,0.3430564938169765
1.5949202539873005e-05,62699.05956112853,0.3650587940313521
1.5999200039998e-05,62503.12499999999,0.3733038000112246
1.6049197540122994e-05,62308.411214953274,0.37334076625247176
1.6099195040247986e-05,62114.90683229814,0.3501542029897672
1.6149192540372982e-05,61922.600619195044,0.3364584595619521
1.6199190040497975e-05,61731.48148148148,0.30244093377784115
1.6249187540622968e-05,61541.53846153847,0.029805960545582804
1.6299185040747964e-05,61352.76073619632,0.021533500448334523
1.6349182540872956e-05,61165.1376146789,0.029167045698292444
1.639918004099795e-05,60978.65853658537,0.029500102334201177
1.6449177541122945e-05,60793.313069908814,0.02950848213447819
1.6499175041247937e-05,60609.09090909091,0.030547577962256874
1.654917254137293e-05,60425.981873111785,0.0341871024481711
1.6599170041497926e-05,60243.97590361445,0.03862819960160776
1.664916754162292e-05,60063.06306306306,0.03421968285265699
1.669916504174791e-05,59883.23353293414,0.02974244728840101
1.6749162541872907e-05,59704.477611940296,0.027750877651352653
1.67991600419979e-05,59526.78571428572,0.02656104711475329
1.6849157542122893e-05,59350.148367952526,0.024626611271903975
1.689915504224789e-05,59174.55621301775,0.0218287169635513
1.694915254237288e-05,59000.0,0.01244071035678811
1.6999150042497874e-05,58826.4705882353,0.02567812219798729
1.704914754262287e-05,58653.95894428152,0.029713983745564127
1.7099145042747862e-05,58482.45614035088,0.03134440882040485
1.7149142542872855e-05,58311.953352769684,0.04036380345670327
1.719914004299785e-05,58142.441860465115,0.10626690561498486
1.7249137543122844e-05,57973.913043478264,0.1113743016713112
1.7299135043247836e-05,57806.3583815029,0.11036062195430862
1.7349132543372832e-05,57639.76945244957,0.10869445786868484
1.7399130043497825e-05,57474.137931034486,0.106264650363494
1.7449127543622817e-05,57309.45558739256,0.10204405511968569
1.7499125043747813e-05,57145.71428571428,0.09643443075909532
1.7549122543872806e-05,56982.905982905984,0.033581870730061136
1.75991200439978e-05,56821.022727272735,0.2007152502960609
1.7649117544122795e-05,56660.056657223795,0.22460403553261826
1.7699115044247787e-05,56500.0,0.2048644308823913
1.774911254437278e-05,56340.84507042254,0.20685736353450637
1.7799110044497776e-05,56182.58426966292,0.22856702692498235
1.784910754462277e-05,56025.21008403361,0.24347035983739576
1.789910504474776e-05,55868.71508379889,0.24277690954353318
1.7949102544872757e-05,55713.091922005566,0.1727239048466562
1.799910004499775e-05,55558.333333333336,0.4181497746356932
1.8049097545122742e-05,55404.43213296399,1.0585022360640104
1.8099095045247738e-05,55251.38121546961,1.190712473712346
1.814909254537273e-05,55099.17355371901,1.1982096548187118
1.8199090045497723e-05,54947.8021978022,1.2423744540985242
1.824908754562272e-05,54797.2602739726,1.3499046025256383
1.8299085045747712e-05,54647.54098360656,1.2842747400596166
1.8349082545872705e-05,54498.63760217984,1.6908131020334223
1.83990800459977e-05,54350.543478260865,0.4699126295102717
1.8449077546122693e-05,54203.25203252033,0.7952377124382455
1.8499075046247686e-05,54056.75675675676,0.7998880246364589
1.8549072546372682e-05,53911.051212938,0.7823888759982349
1.8599070046497675e-05,53766.12903225807,0.7086124810700004
1.8649067546622667e-05,53621.98391420912,0.7185923991128597
1.8699065046747663e-05,53478.60962566845,0.4868239180693862
1.8749062546872656e-05,53336.0,0.33571347649000055
1.879906004699765e-05,53194.14893617022,0.21053252117732674
1.8849057547122644e-05,53053.05039787798,0.0652797262884108
1.8899055047247637e-05,52912.69841269842,0.09319204369029861
1.894905254737263e-05,52773.08707124011,0.11608298764911172
1.8999050047497626e-05,52634.21052631579,0.11387566822004888
1.9049047547622618e-05,52496.06299212599,0.18207210990582873
1.909904504774761e-05,52358.6387434555,0.17659349661351767
1.9149042547872607e-05,52221.932114882504,0.15780165163459745
1.91990400479976e-05,52085.9375,0.14092546702387118
1.9249037548122592e-05,51950.64935064936,0.08792661336249137
1.9299035048247588e-05,51816.062176165804,0.08479307372771691
1.934903254837258e-05,51682.170542635664,0.09032847687292732
1.9399030048497573e-05,51548.96907216495,0.07199628094340353
1.944902754862257e-05,51416.45244215938,0.06687453975597153
1.9499025048747562e-05,51284.61538461539,0.09162531308886498
1.9549022548872554e-05,51153.452685422,0.09035998909336242
1.959902004899755e-05,51022.95918367347,0.07401786512597418
1.9649017549122543e-05,50893.12977099237,0.08942415127080183
1.9699015049247536e-05,50763.95939086295,0.09202630791262516
1.974901254937253e-05,50635.443037974685,0.09302256253004086
1.9799010049497524e-05,50507.57575757576,0.08884716109692813
1.9849007549622517e-05,50380.352644836275,0.04009085191658205
1.9899005049747513e-05,50253.76884422111,0.044818799747267456
1.9949002549872506e-05,50127.81954887218,0.04302647980685801
1.9999000049997498e-05,50002.50000000001,0.03686225809445478
2.0048997550122494e-05,49877.80548628429,0.03581010535972111
2.0098995050247487e-05,49753.73134328359,0.06265601203084235
2.014899255037248e-05,49630.2729528536,0.06655479406198937
2.0198990050497475e-05,49507.425742574254,0.0680345801246027
2.0248987550622468e-05,49385.18518518519,0.0649795894710121
2.029898505074746e-05,49263.546798029565,0.06598916728749143
2.0348982550872457e-05,49142.50614250614,0.06837855203317808
2.039898005099745e-05,49022.05882352941,0.07695140720091694
2.0448977551122442e-05,48902.20048899756,0.02667454161322361
2.0498975051247438e-05,48782.92682926829,0.11970547325065947
2.054897255137243e-05,48664.233576642335,0.12680510725051602
2.0598970051497423e-05,48546.11650485438,0.13044992857410262
2.064896755162242e-05,48428.57142857143,0.13509426003591227
2.069896505174741e-05,48311.59420289855,0.11999263580626172
2.0748962551872404e-05,48195.18072289157,0.12365711768204656
2.07989600519974e-05,48079.32692307692,0.14142078857513427
2.0848957552122393e-05,47964.02877697842,0.08573300759875971
2.0898955052247385e-05,47849.28229665072,0.10005283702731926
2.094895255237238e-05,47735.08353221957,0.09383448349710963
2.0998950052497374e-05,47621.42857142857,0.09491566801156899
2.1048947552622367e-05,47508.3135391924,0.09254309288271674
2.1098945052747363e-05,47395.7345971564,0.08904702524200929
2.1148942552872355e-05,47283.68794326241,0.0927651759569624
2.1198940052997348e-05,47172.16981132076,0.0855584153363648
2.1248937553122344e-05,47061.17647058824,0.08427428794571866
2.1298935053247336e-05,46950.704225352114,0.023331764106252255
2.134893255337233e-05,46840.74941451991,0.020311776238264145
2.1398930053497325e-05,46731.30841121495,0.016820199416797653
2.1448927553622318e-05,46622.37762237762,0.016241763539775016
2.149892505374731e-05,46513.9534883721,0.016591088054870605
2.1548922553872306e-05,46406.03248259861,0.014118652228683552
2.15989200539973e-05,46298.61111111112,0.012960293908103878
2.164891755412229e-05,46191.68591224019,0.01062816617634674
2.1698915054247288e-05,46085.253456221195,0.009186200077359192
2.174891255437228e-05,45979.31034482759,0.016073102595995557
2.1798910054497273e-05,45873.85321100918,0.015319452147972947
2.184890755462227e-05,45768.87871853547,0.022409961041545655
2.189890505474726e-05,45664.38356164384,0.024556983245765444
2.1948902554872254e-05,45560.36446469249,0.03375895941727328
2.199890005499725e-05,45456.818181818184,0.03568426486950051
2.2048897555122243e-05,45353.74149659864,0.03967795591027285
2.2098895055247235e-05,45251.131221719465,0.049929116138458074
2.214889255537223e-05,45148.9841986456,0.04358972194363414
2.2198890055497224e-05,45047.2972972973,0.035687977607630976
2.2248887555622216e-05,44946.067415730344,0.03842228492537202
2.2298885055747212e-05,44845.291479820626,0.025010484460147534
2.2348882555872205e-05,44744.966442953024,0.0283440511295189
2.2398880055997198e-05,44645.08928571429,0.021993139511276343
2.2448877556122194e-05,44545.6570155902,0.0229989755698058
2.2498875056247186e-05,44446.66666666667,0.012779327406281755
2.2548872556372182e-05,44348.11529933481,0.0312609169467215
2.2598870056497175e-05,44250.0,0.030593152123726392
2.2648867556622167e-05,44152.317880794704,0.03039101917799065
2.2698865056747163e-05,44055.06607929515,0.0286485301885025
2.2748862556872156e-05,43958.24175824176,0.027597349366824803
2.279886005699715e-05,43861.84210526316,0.03320222513960445
2.2848857557122145e-05,43765.86433260394,0.03200658908323508
2.2898855057247137e-05,43670.305676855896,0.020356085495626303
2.294885255737213e-05,43575.163398692814,0.05168741030760473
2.2998850057497126e-05,43480.434782608696,0.06990681712418635
2.304884755762212e-05,43386.117136659435,0.07281998114732714
2.309884505774711e-05,43292.207792207795,0.07740383115190005
2.3148842557872107e-05,43198.704103671706,0.0695154524282234
2.31988400579971e-05,43105.60344827586,0.08358586253255396
2.3248837558122092e-05,43012.903225806454,0.07897332326809867
2.329883505824709e-05,42920.6008583691,0.06832760780785503
2.334883255837208e-05,42828.6937901499,0.03232469927703512
2.3398830058497074e-05,42737.17948717949,0.04724589654172507
2.344882755862207e-05,42646.055437100214,0.0492561390878871
2.3498825058747062e-05,42555.31914893617,0.05309649727994813
2.3548822558872055e-05,42464.96815286625,0.045003206053400656
2.359882005899705e-05,42375.0,0.043908582845695765
2.3648817559122043e-05,42285.412262156446,0.044900009666682394
2.3698815059247036e-05,42196.20253164557,0.04255728180143146
2.3748812559372032e-05,42107.36842105263,0.017563058944352235
2.3798810059497025e-05,42018.90756302521,0.014141028198328286
2.3848807559622017e-05,41930.8176100629,0.013917752739012813
2.3898805059747013e-05,41843.096234309625,0.013055980118465113
2.3948802559872006e-05,41755.74112734864,0.012290345515794282
2.3998800059997e-05,41668.75,0.009430948850429263
2.4048797560121994e-05,41582.12058212058,0.005965476006715582
2.4098795060246987e-05,41495.85062240664,0.006999632335667506
2.414879256037198e-05,41409.93788819876,0.006878295336416387
2.4198790060496976e-05,41324.38016528926,0.009194905178526086
2.4248787560621968e-05,41239.17525773196,0.013118445578930767
2.429878506074696e-05,41154.320987654326,0.020657021431464452
2.4348782560871957e-05,41069.81519507187,0.019753061957878088
2.439878006099695e-05,40985.65573770492,0.019483232125673277
2.4448777561121942e-05,40901.84049079755,0.01895261853517705
2.4498775061246938e-05,40818.36734693877,0.01884324572741065
2.454877256137193e-05,40735.23421588595,0.020281592131114877
2.4598770061496923e-05,40652.439024390245,0.009166482654597796
2.464876756162192e-05,40569.97971602434,0.005503366940735835
2.4698765061746912e-05,40487.85425101215,0.003976792195776779
2.4748762561871905e-05,40406.06060606061,0.003277755403654943
2.47987600619969e-05,40324.596774193546,0.006278157737921841
2.4848757562121893e-05,40243.46076458753,0.010772601793180457
2.4898755062246886e-05,40162.650602409645,0.01193598447971077
2.4948752562371882e-05,40082.164328657316,0.01262941323978903
2.4998750062496874e-05,40002.0,0.013101009272509607
2.5048747562621867e-05,39922.155688622755,0.0121098783996094
2.5098745062746863e-05,39842.629482071716,0.011993572540176427
2.5148742562871856e-05,39763.419483101396,0.01577784014097522
2.5198740062996848e-05,39684.52380952381,0.010230445866557433
2.5248737563121844e-05,39605.94059405941,0.012747233004659731
2.5298735063246837e-05,39527.66798418973,0.012519534656895617
2.534873256337183e-05,39449.70414201184,0.013201804681381787
2.5398730063496825e-05,39372.04724409449,0.02070829383585811
2.5448727563621818e-05,39294.695481335955,0.023961667907856816
2.549872506374681e-05,39217.64705882353,0.023252641527996692
2.5548722563871807e-05,39140.90019569472,0.02182246239798444
2.55987200639968e-05,39064.453125,0.02127098564465004
2.5648717564121792e-05,38988.304093567254,0.029146984803206783
2.5698715064246788e-05,38912.4513618677,0.036236191175776776
2.574871256437178e-05,38836.8932038835,0.04284206534560792
2.5798710064496773e-05,38761.62790697675,0.03545209082064685
2.584870756462177e-05,38686.65377176015,0.038464851011749346
2.589870506474676e-05,38611.96911196911,0.038797674470070334
2.5948702564871754e-05,38537.57225433526,0.03588508604757631
2.599870006499675e-05,38463.46153846154,0.03812133191653983
2.6048697565121743e-05,38389.63531669866,0.009860008427449588
2.6098695065246735e-05,38316.091954022995,0.029024591507158644
2.614869256537173e-05,38242.82982791587,0.0298709407043207
2.6198690065496724e-05,38169.84732824428,0.02943032492152776
2.6248687565621717e-05,38097.14285714286,0.03061001518107135
2.6298685065746713e-05,38024.71482889734,0.032912866188996935
2.6348682565871705e-05,37952.56166982922,0.03156486451090025
2.6398680065996698e-05,37880.68181818182,0.030356901513310938
2.6448677566121694e-05,37809.07372400756,0.03049519562259274
2.6498675066246687e-05,37737.735849056604,0.022886018987544245
2.654867256637168e-05,37666.66666666667,0.02209377859114057
2.6598670066496675e-05,37595.86466165414,0.024168108617284467
2.6648667566621668e-05,37525.32833020638,0.021000151534121356
2.669866506674666e-05,37455.05617977528,0.02664351040836816
2.6748662566871656e-05,37385.04672897196,0.024677153906699167
2.679866006699665e-05,37315.298507462685,0.013413343159726357
2.684865756712164e-05,37245.81005586593,0.014275947878068716
2.6898655067246638e-05,37176.579925650556,0.019621672100762044
2.694865256737163e-05,37107.60667903525,0.01933336580233921
2.6998650067496623e-05,37038.88888888889,0.021942031219054227
2.704864756762162e-05,36970.42513863216,0.016397796376698973
2.709864506774661e-05,36902.21402214022,0.01793360046111093
2.7148642567871604e-05,36834.25414364641,0.0232170816236767
2.71986400679966e-05,36766.544117647056,0.019258596732277155
2.7248637568121593e-05,36699.08256880734,0.016735902718488616
2.7298635068246585e-05,36631.868131868134,0.02189862547254962
2.734863256837158e-05,36564.89945155393,0.02302284144169418
2.7398630068496574e-05,36498.175182481755,0.021721351946283687
2.7448627568621566e-05,36431.69398907104,0.020524784139546653
2.7498625068746562e-05,36365.454545454544,0.010704929154413937
2.7548622568871555e-05,36299.4555353902,0.014232633232615302
2.7598620068996548e-05,36233.69565217392,0.015894328569611947
2.7648617569121544e-05,36168.173598553345,0.01708013048204404
2.7698615069246536e-05,36102.888086642604,0.02000303550446563
2.774861256937153e-05,36037.83783783784,0.046228813714442187
2.7798610069496525e-05,35973.02158273381,0.047831646682381164
2.7848607569621518e-05,35908.43806104129,0.04733825779967775
2.789860506974651e-05,35844.086021505376,0.0440816842341328
2.7948602569871506e-05,35779.96422182469,0.04235446461719289
2.79986000699965e-05,35716.07142857143,0.042809212773029535
2.804859757012149e-05,35652.4064171123,0.04249034281464803
2.8098595070246487e-05,35588.96797153025,0.01209703537987909
2.814859257037148e-05,35525.754884547074,0.03419352436735643
2.8198590070496473e-05,35462.76595744681,0.043312987408384226
2.824858757062147e-05,35400.0,0.04393024472785206
2.829858507074646e-05,35337.455830388695,0.04440390636031359
2.8348582570871454e-05,35275.13227513228,0.040453540252618374
2.839858007099645e-05,35213.028169014084,0.04020706606088846
2.8448577571121442e-05,35151.142355008786,0.038436559865265556
2.8498575071246435e-05,35089.47368421053,0.016707877897835937
2.854857257137143e-05,35028.02101576182,0.062379226544972535
2.8598570071496424e-05,34966.78321678322,0.06170243444890024
2.8648567571621416e-05,34905.75916230367,0.07008040775465059
2.8698565071746412e-05,34844.947735191636,0.07701986413860906
2.8748562571871405e-05,34784.34782608696,0.08563456211076034
2.87985600719964e-05,34723.958333333336,0.09292129797083608
2.8848557572121393e-05,34663.778162911614,0.09172546203600536
2.8898555072246386e-05,34603.8062283737,0.08358796917385122
2.8948552572371382e-05,34544.0414507772,0.029679724606545436
2.8998550072496375e-05,34484.48275862069,0.019445239982279365
2.9048547572621367e-05,34425.12908777969,0.01636153967846201
2.9098545072746363e-05,34365.9793814433,0.014559270572731545
2.9148542572871356e-05,34307.03259005146,0.012119343840091947
2.919854007299635e-05,34248.28767123288,0.006134217256773615
2.9248537573121344e-05,34189.743589743586,0.004340702772276835
2.9298535073246337e-05,34131.39931740615,0.003611746265875821
2.934853257337133e-05,34073.253833049406,0.0034009440736992268
2.9398530073496326e-05,34015.30612244898,0.006833220053865809
2.944852757362132e-05,33957.55517826825,0.007980458602532487
2.949852507374631e-05,33900.0,0.009195185827482962
2.9548522573871307e-05,33842.63959390863,0.008678303028473465
2.95985200739963e-05,33785.47297297297,0.014900769860037006
2.9648517574121292e-05,33728.49915682968,0.013974498500355087
2.9698515074246288e-05,33671.71717171717,0.013868420704595815
2.974851257437128e-05,33615.12605042017,0.011125775067312596
2.9798510074496273e-05,33558.724832214764,0.01117374126731915
2.984850757462127e-05,33502.51256281407,0.011720933355198169
2.9898505074746262e-05,33446.48829431438,0.010237734766637937
2.9948502574871255e-05,33390.65108514191,0.007949009810341537
2.999850007499625e-05,33335.0,0.00654061122386496
3.0048497575121243e-05,33279.534109816974,0.006399560105422345
3.0098495075246236e-05,33224.25249169435,0.006593191954379108
3.0148492575371232e-05,33169.15422885572,0.0036195111299372417
3.0198490075496224e-05,33114.23841059603,0.0028685125340342037
3.0248487575621217e-05,33059.50413223141,0.002387490218698163
3.0298485075746213e-05,33004.9504950495,0.0026327159649284907
3.0348482575871206e-05,32950.5766062603,0.0027386562287743314
3.0398480075996198e-05,32896.381578947374,0.0027792717299753925
3.0448477576121194e-05,32842.3645320197,0.0023128205375888802
3.0498475076246187e-05,32788.524590163935,0.0024020277347801553
3.054847257637118e-05,32734.860883797053,0.003177463052206558
3.0598470076496175e-05,32681.37254901961,0.00267233327208824
3.064846757662117e-05,32628.058727569332,0.0027331307553836214
3.069846507674616e-05,32574.918566775246,0.0016970343659209954
3.074846257687115e-05,32521.951219512197,0.0018790155832856083
3.0798460076996146e-05,32469.155844155848,0.002155743709700467
3.0848457577121145e-05,32416.531604538086,0.001795425294381848
3.089845507724614e-05,32364.077669902912,0.0015225403895483564
3.094845257737113e-05,32311.793214862682,0.0017523979062461035
3.099845007749612e-05,32259.67741935484,0.0032126950639004143
3.1048447577621116e-05,32207.72946859904,0.004327663480999983
3.109844507774611e-05,32155.948553054666,0.0037228969531222554
3.114844257787111e-05,32104.33386837881,0.0038566204617422662
3.11984400779961e-05,32052.884615384617,0.0037574883050559677
3.124843757812109e-05,32001.600000000002,0.004401172438774797
3.1298435078246086e-05,31950.47923322684,0.004430011498662077
3.134843257837108e-05,31899.521531100483,0.005394214331997138
3.139843007849607e-05,31848.726114649686,0.003460797375345534
3.144842757862107e-05,31798.092209856914,0.003440812636378774
3.149842507874606e-05,31747.619047619046,0.0038180741703953006
3.1548422578871055e-05,31697.3058637084,0.0036951394974622117
3.159842007899605e-05,31647.15189873418,0.0037284531033156417
3.164841757912104e-05,31597.156398104267,0.004309182428454054
3.169841507924603e-05,31547.318611987386,0.0036738819001833913
3.174841257937103e-05,31497.63779527559,0.0030750026714362146
3.1798410079496025e-05,31448.11320754717,0.002937826914871914
3.184840757962102e-05,31398.74411302983,0.0036053195978909556
3.189840507974601e-05,31349.529780564266,0.0034195058517791873
3.1948402579871e-05,31300.46948356808,0.003661553252737572
3.1998400079996e-05,31251.562499999996,0.0022143075847482307
3.2048397580120995e-05,31202.808112324492,0.0044284944700711685
3.209839508024599e-05,31154.205607476637,0.005746406190290693
3.214839258037098e-05,31105.754276827374,0.005994008950114099
3.219839008049597e-05,31057.45341614907,0.0069734837679683295
3.2248387580620965e-05,31009.3023255814,0.009802269729220681
3.2298385080745965e-05,30961.300309597522,0.01369389006387691
3.234838258087096e-05,30913.446676970634,0.012848853583447239
3.239838008099595e-05,30865.74074074074,0.011095770608407685
3.244837758112094e-05,30818.18181818182,0.008375785193530688
3.2498375081245935e-05,30770.769230769234,0.007949473532674087
3.254837258137093e-05,30723.50230414747,0.006355887823458761
3.259837008149593e-05,30676.38036809816,0.005314406413136606
3.264836758162092e-05,30629.40275650842,0.005096331396631394
3.269836508174591e-05,30582.56880733945,0.0036888389059019987
3.2748362581870905e-05,30535.877862595422,0.004007191639717782
3.27983600819959e-05,30489.329268292684,0.004658325181075333
3.284835758212089e-05,30442.92237442923,0.004631718175426733
3.289835508224589e-05,30396.656534954407,0.004241642342657759
3.294835258237088e-05,30350.531107738996,0.004480639320947103
3.2998350082495875e-05,30304.545454545456,0.004170934790203647
3.304834758262087e-05,30258.69894099849,0.0021721986228885044
3.309834508274586e-05,30212.990936555892,0.004272278901423013
3.314834258287085e-05,30167.420814479643,0.003972958072013438
3.319834008299585e-05,30121.987951807227,0.004570451202868539
3.3248337583120845e-05,30076.69172932331,0.004353992173168933
3.329833508324584e-05,30031.53153153153,0.0038456501575892346
3.334833258337083e-05,29986.50674662669,0.0043132587593781345
3.339833008349582e-05,29941.61676646707,0.004368975840299035
3.3448327583620815e-05,29896.86098654709,0.0021258386379259396
3.3498325083745815e-05,29852.238805970148,0.002417384833159585
3.354832258387081e-05,29807.74962742176,0.0028311497101680496
3.35983200839958e-05,29763.39285714286,0.002593318054015448
3.364831758412079e-05,29719.167904903417,0.002804756749460847
3.3698315084245785e-05,29675.074183976263,0.0022005704251592344
3.374831258437078e-05,29631.111111111113,0.002266098382374662
3.379831008449578e-05,29587.278106508875,0.003086348825506832
3.384830758462077e-05,29543.57459379616,0.0027757842279034074
3.389830508474576e-05,29500.0,0.003529698087180923
3.3948302584870755e-05,29456.55375552283,0.002962762751883304
3.399830008499575e-05,29413.23529411765,0.003336497497028257
3.404829758512074e-05,29370.04405286344,0.0039879170338712406
3.409829508524574e-05,29326.97947214076,0.0041474706646897124
3.414829258537073e-05,29284.040995607615,0.004285311713631218
3.4198290085495725e-05,29241.22807017544,0.004069538404783058
3.424828758562072e-05,29198.540145985404,0.0031910805912038027
3.429828508574571e-05,29155.976676384842,0.0029132532427339993
3.43482825858707e-05,29113.537117903932,0.0021400425606695962
3.43982800859957e-05,29071.220930232557,0.0017635565218171794
3.4448277586120695e-05,29029.027576197386,0.002345522476733243
3.449827508624569e-05,28986.956521739132,0.0020690586830213217
3.454827258637068e-05,28945.007235890014,0.002286946236157115
3.459827008649567e-05,28903.17919075145,0.002166907023104488
3.4648267586620665e-05,28861.471861471866,0.002262663552474704
3.4698265086745664e-05,28819.884726224784,0.002722724324332504
3.474826258687066e-05,28778.41726618705,0.0034601809497872096
3.479826008699565e-05,28737.068965517243,0.002888905994328779
3.484825758712064e-05,28695.83931133429,0.005138922657357249
3.4898255087245635e-05,28654.72779369628,0.005380931541710097
3.494825258737063e-05,28613.733905579404,0.006071988053920974
3.499825008749563e-05,28572.85714285714,0.005991978118167261
3.504824758762062e-05,28532.0970042796,0.005802133319066871
3.509824508774561e-05,28491.452991452992,0.005684131743672545
3.5148242587870605e-05,28450.924608819347,0.0037576953028100944
3.51982400879956e-05,28410.511363636368,0.0027550669858664744
3.524823758812059e-05,28370.21276595745,0.002407179824473233
3.529823508824559e-05,28330.028328611897,0.0018874363457233448
3.534823258837058e-05,28289.95756718529,0.0030038036678288237
3.5398230088495574e-05,28250.0,0.004296475048471341
3.544822758862057e-05,28210.15514809591,0.0043053916247277795
3.549822508874556e-05,28170.42253521127,0.003503005661046938
3.554822258887055e-05,28130.801687763716,0.005100941239086358
3.559822008899555e-05,28091.29213483146,0.004935747787865982
3.5648217589120544e-05,28051.89340813464,0.004785803488408197
3.569821508924554e-05,28012.605042016807,0.005096474908577511
3.574821258937053e-05,27973.426573426575,0.0033466939145237106
3.579821008949552e-05,27934.357541899444,0.008214197291049212
3.5848207589620515e-05,27895.39748953975,0.009726253273354598
3.5898205089745514e-05,27856.545961002783,0.00799648190577588
3.594820258987051e-05,27817.80250347705,0.009361842878713975
3.59982000899955e-05,27779.166666666668,0.00982596312019583
3.604819759012049e-05,27740.638002773925,0.0079940034658634
3.6098195090245485e-05,27702.216066481997,0.007697693650258262
3.614819259037048e-05,27663.90041493776,0.004217128215356761
3.6198190090495477e-05,27625.690607734807,0.010285044206392905
3.624818759062047e-05,27587.58620689655,0.010291728433582642
3.629818509074546e-05,27549.586776859505,0.014192338034138358
3.6348182590870454e-05,27511.69188445667,0.013918528569306402
3.639818009099545e-05,27473.9010989011,0.014268208211586567
3.644817759112044e-05,27436.21399176955,0.015803044795283445
3.649817509124544e-05,27398.6301369863,0.015810555418793927
3.654817259137043e-05,27361.149110807113,0.015785470303731702
3.6598170091495424e-05,27323.77049180328,0.008236543136382151
3.664816759162042e-05,27286.49386084584,0.00801377707413972
3.669816509174541e-05,27249.31880108992,0.008662107558401078
3.67481625918704e-05,27212.244897959186,0.008337481846784548
3.67981600919954e-05,27175.271739130432,0.008724211974856868
3.6848157592120394e-05,27138.39891451832,0.009283225504593475
3.689815509224539e-05,27101.626016260165,0.008877239718899196
3.694815259237038e-05,27064.95263870095,0.008514324920956015
3.699815009249537e-05,27028.37837837838,0.007213434059405391
3.7048147592620364e-05,26991.902834008102,0.00395849385857066
3.7098145092745364e-05,26955.525606469,0.003969056455787439
3.7148142592870356e-05,26919.246298788694,0.0039045193257425284
3.719814009299535e-05,26883.064516129034,0.0039021891392054973
3.724813759312034e-05,26846.979865771813,0.007254933020807714
3.7298135093245334e-05,26810.99195710456,0.006992732669661457
3.734813259337033e-05,26775.10040160643,0.006733037807820675
3.7398130093495326e-05,26739.304812834223,0.006027274583812172
3.744812759362032e-05,26703.604806408544,0.00872741850517886
3.749812509374531e-05,26668.0,0.008626160460519313
3.7548122593870304e-05,26632.490013315582,0.00892373283018633
3.75981200939953e-05,26597.07446808511,0.005863451370757119
3.764811759412029e-05,26561.75298804781,0.006436766204876487
3.769811509424529e-05,26526.52519893899,0.0065881025672838486
3.774811259437028e-05,26491.39072847682,0.00598522730465195
3.7798110094495274e-05,26456.34920634921,0.0036368321450644596
3.7848107594620267e-05,26421.400264200794,0.006705590654602296
3.789810509474526e-05,26386.543535620054,0.007172596957618411
3.794810259487025e-05,26351.778656126484,0.006721370667707961
3.799810009499525e-05,26317.105263157893,0.005976417056263795
3.8048097595120244e-05,26282.522996057818,0.004291628537588146
3.8098095095245236e-05,26248.031496062995,0.003479661815278997
3.814809259537023e-05,26213.63040629096,0.0034305321444969253
3.819809009549522e-05,26179.31937172775,0.001997100082686488
3.8248087595620214e-05,26145.09803921569,0.0029660064653744362
3.8298085095745214e-05,26110.966057441252,0.004879234891012331
3.8348082595870206e-05,26076.923076923078,0.005551462494303723
3.83980800959952e-05,26042.96875,0.006012128906628189
3.844807759612019e-05,26009.102730819246,0.005807960526446819
3.8498075096245184e-05,25975.32467532468,0.005792723746314371
3.8548072596370183e-05,25941.634241245134,0.0056870537463901815
3.8598070096495176e-05,25908.031088082902,0.00642456442018795
3.864806759662017e-05,25874.5148771022,0.002150369183683979
3.869806509674516e-05,25841.085271317832,0.0023137115161583114
3.8748062596870154e-05,25807.74193548387,0.002661615766276771
3.8798060096995146e-05,25774.484536082477,0.002966472249553688
3.8848057597120146e-05,25741.31274131274,0.0029060088785946648
3.889805509724514e-05,25708.22622107969,0.002273003785168406
3.894805259737013e-05,25675.22464698331,0.001712488558883654
3.8998050097495124e-05,25642.307692307695,0.0017559408845400704
3.9048047597620116e-05,25609.475032010247,0.001409090239859763
3.909804509774511e-05,25576.726342711,0.002191755239469495
3.914804259787011e-05,25544.061302681992,0.0025201627149140085
3.91980400979951e-05,25511.479591836734,0.002405552948620576
3.9248037598120094e-05,25478.980891719744,0.00275241794438843
3.9298035098245086e-05,25446.564885496184,0.003673756129292996
3.934803259837008e-05,25414.231257941552,0.003874260910400331
3.939803009849507e-05,25381.979695431473,0.004403911511059978
3.944802759862007e-05,25349.809885931558,0.0037535871200627233
3.949802509874506e-05,25317.721518987342,0.003531534471343324
3.9548022598870056e-05,25285.714285714286,0.001713769504971023
3.959802009899505e-05,25253.78787878788,0.0015111393730041082
3.964801759912004e-05,25221.941992433796,0.0006762740965852286
3.9698015099245034e-05,25190.176322418138,0.0015405123761496424
3.974801259937003e-05,25158.490566037734,0.001652581348465923
3.9798010099495026e-05,25126.884422110554,0.0017911716861573265
3.984800759962002e-05,25095.357590966123,0.0017627404121684574
3.989800509974501e-05,25063.90977443609,0.0017237433193625987
3.9948002599870004e-05,25032.540675844808,0.001810946796008061
3.9998000099994996e-05,25001.250000000004,0.0018600556460662378
4.0047997600119996e-05,24970.03745318352,0.0020709246511424174
4.009799510024499e-05,24938.902743142145,0.001426938336254808
4.014799260036998e-05,24907.845579078457,0.0013738294738396054
4.0197990100494973e-05,24876.865671641794,0.0015490112251013318
4.0247987600619966e-05,24845.962732919255,0.0015802902422707796
4.029798510074496e-05,24815.1364764268,0.0021260290691780676
4.034798260086996e-05,24784.386617100372,0.0017780821803566535
4.039798010099495e-05,24753.712871287127,0.000888230837535676
4.044797760111994e-05,24723.114956736714,0.0007419852117724458
4.0497975101244936e-05,24692.592592592595,0.0007557762416844199
4.054797260136993e-05,24662.145499383478,0.0006654892222357196
4.059797010149492e-05,24631.773399014783,0.0007062559355811111
4.064796760161992e-05,24601.47601476015,0.0007060078157419776
4.069796510174491e-05,24571.25307125307,0.00047371156958063936
4.0747962601869906e-05,24541.10429447853,0.003120941087771008
4.07979601019949e-05,24511.029411764706,0.00321552297409497
4.084795760211989e-05,24481.028151774786,0.0032092595368776286
4.0897955102244884e-05,24451.10024449878,0.0029706704977947194
4.094795260236988e-05,24421.24542124542,0.003003792411477003
4.0997950102494876e-05,24391.463414634145,0.0031841733440838176
4.104794760261987e-05,24361.75395858709,0.003016926306006634
4.109794510274486e-05,24332.116788321167,0.001455897728043351
4.1147942602869853e-05,24302.55164034022,0.0016399301205764622
4.1197940102994846e-05,24273.05825242719,0.0019296482049035956
4.1247937603119845e-05,24243.636363636364,0.001886053751126242
4.129793510324484e-05,24214.285714285714,0.001677550925127863
4.134793260336983e-05,24185.006045949216,0.0011628374388534801
4.139793010349482e-05,24155.797101449276,0.0011939851728880544
4.1447927603619816e-05,24126.658624849217,0.0012547952852256842
4.149792510374481e-05,24097.590361445786,0.0008467155451380377
4.154792260386981e-05,24068.592057761733,0.001561447169829017
4.15979201039948e-05,24039.66346153846,0.0012873729732948995
4.164791760411979e-05,24010.80432172869,0.0013124482512944006
4.1697915104244786e-05,23982.01438848921,0.0016894709008176071
4.174791260436978e-05,23953.293413173655,0.0014617203971242106
4.179791010449477e-05,23924.64114832536,0.001933095873883426
4.184790760461977e-05,23896.05734767025,0.001719009166698673
4.189790510474476e-05,23867.541766109785,0.001668690056452815
4.1947902604869755e-05,23839.094159713946,0.0009726040212993378
4.199790010499475e-05,23810.714285714286,0.0009483225033040993
4.204789760511974e-05,23782.40190249703,0.0008344205271223736
4.209789510524473e-05,23754.1567695962,0.0007843070260028243
4.214789260536973e-05,23725.978647686832,0.0006772653330532551
4.2197890105494725e-05,23697.8672985782,0.0004851694221984453
4.224788760561972e-05,23669.8224852071,0.00040233882308741406
4.229788510574471e-05,23641.843971631206,0.0005693744815477188
4.23478826058697e-05,23613.931523022435,0.0006901250912882614
4.2397880105994696e-05,23586.08490566038,0.0016300490051716061
4.2447877606119695e-05,23558.303886925794,0.0017411840735038094
4.249787510624469e-05,23530.58823529412,0.0018369271140346152
4.254787260636968e-05,23502.937720329024,0.0017020256773046002
4.259787010649467e-05,23475.352112676057,0.002042689997689813
4.2647867606619666e-05,23447.831184056275,0.002074220475503214
4.269786510674466e-05,23420.374707259954,0.0019965677041415813
4.274786260686966e-05,23392.98245614035,0.0015167450936435783
4.279786010699465e-05,23365.654205607476,0.0015567371712922812
4.284785760711964e-05,23338.389731621937,0.0025503949567975645
4.2897855107244635e-05,23311.18881118881,0.002648855206328699
4.294785260736963e-05,23284.051222351573,0.002328335159367868
4.299785010749462e-05,23256.97674418605,0.002110494681029107
4.304784760761962e-05,23229.965156794424,0.0023646464059939682
4.309784510774461e-05,23203.016241299305,0.0018371256429088874
4.3147842607869605e-05,23176.129779837775,0.001301608436032959
4.31978401079946e-05,23149.30555555556,0.000971041932728377
4.324783760811959e-05,23122.54335260116,0.0006578430514109178
4.329783510824458e-05,23095.842956120094,0.0006110603059254275
4.334783260836958e-05,23069.204152249134,0.0007601446351668911
4.3397830108494575e-05,23042.626728110597,0.0005733749984362086
4.344782760861957e-05,23016.110471806674,0.0005964265419209778
4.349782510874456e-05,22989.655172413793,0.000841493734137712
4.354782260886955e-05,22963.260619977038,0.0008881915362722974
4.3597820108994546e-05,22936.92660550459,0.000945486572485674
4.3647817609119545e-05,22910.6529209622,0.0011329046733458312
4.369781510924454e-05,22884.439359267733,0.0008644199717388823
4.374781260936953e-05,22858.285714285714,0.0008548641321625488
4.379781010949452e-05,22832.19178082192,0.0006163972767338835
4.3847807609619515e-05,22806.15735461802,0.0006440308707730669
4.389780510974451e-05,22780.182232346244,0.0006874827400275711
4.394780260986951e-05,22754.266211604096,0.000658963395030015
4.39978001099945e-05,22728.409090909092,0.0006574102724103533
4.404779761011949e-05,22702.61066969353,0.0007001172085753211
4.4097795110244485e-05,22676.87074829932,0.0010556588754520111
4.414779261036948e-05,22651.189127972822,0.001014676499352314
4.419779011049447e-05,22625.565610859732,0.0010922083955304815
4.424778761061947e-05,22600.0,0.0009693222841542887
4.429778511074446e-05,22574.4920993228,0.0011044292115494278
4.4347782610869455e-05,22549.041713641487,0.0009364471523420601
4.439778011099445e-05,22523.64864864865,0.0008921899066274681
4.444777761111944e-05,22498.312710911137,0.0009121294402089206
4.449777511124443e-05,22473.033707865172,0.0008289886061687854
4.454777261136943e-05,22447.811447811448,0.0012318237389072598
4.4597770111494425e-05,22422.645739910313,0.001063760291338074
4.464776761161942e-05,22397.536394176932,0.0011303262223769305
4.469776511174441e-05,22372.483221476512,0.0009358409067262115
4.47477626118694e-05,22347.486033519555,0.0012102225059953486
4.4797760111994395e-05,22322.544642857145,0.0009892756550778504
4.4847757612119395e-05,22297.658862876255,0.0011543114032992613
4.489775511224439e-05,22272.8285077951,0.0011074572643432297
4.494775261236938e-05,22248.05339265851,0.001236061104954499
4.499775011249437e-05,22223.333333333336,0.0011969125630773062
4.5047747612619365e-05,22198.668146503886,0.0014724281654400965
4.5097745112744364e-05,22174.057649667404,0.001999004126409756
4.514774261286936e-05,22149.50166112957,0.0018889333419450341
4.519774011299435e-05,22125.0,0.002446319729615593
4.524773761311934e-05,22100.552486187848,0.0027683284029697444
4.5297735113244335e-05,22076.158940397352,0.0036913865017689307
4.534773261336933e-05,22051.819184123488,0.003524988948972077
4.539773011349433e-05,22027.533039647577,0.00335187701227979
4.544772761361932e-05,22003.300330033002,0.0029302513806198196
4.549772511374431e-05,21979.12087912088,0.0038909735880669123
4.5547722613869305e-05,21954.994511525798,0.003805195482495105
4.55977201139943e-05,21930.92105263158,0.003366177443097615
4.564771761411929e-05,21906.90032858708,0.002897836297581138
4.569771511424429e-05,21882.93216630197,0.0017920695776942636
4.574771261436928e-05,21859.016393442624,0.0013290695583393058
4.5797710114494275e-05,21835.152838427948,0.0010438951466783604
4.584770761461927e-05,21811.3413304253,0.0008640904481187562
4.589770511474426e-05,21787.581699346407,0.0018711023681249144
4.594770261486925e-05,21763.87377584331,0.0028311358395428808
4.599770011499425e-05,21740.217391304348,0.002934235008302717
4.6047697615119244e-05,21716.612377850164,0.0030297200966469444
4.609769511524424e-05,21693.058568329718,0.003279757704729673
4.614769261536923e-05,21669.55579631636,0.0032577839726557036
4.619769011549422e-05,21646.103896103898,0.00305803825156234
4.6247687615619215e-05,21622.702702702703,0.002983472882830039
4.6297685115744214e-05,21599.352051835853,0.0010128724607566142
4.634768261586921e-05,21576.051779935275,0.0016523373679454291
4.63976801159942e-05,21552.80172413793,0.0026875858227810123
4.644767761611919e-05,21529.601722282023,0.0024874542438821203
4.6497675116244185e-05,21506.451612903227,0.002688629205840724
4.654767261636918e-05,21483.351235230937,0.002929771377137891
4.659767011649418e-05,21460.30042918455,0.0024036020095425962
4.664766761661917e-05,21437.299035369775,0.0021979148384806
4.669766511674416e-05,21414.34689507495,0.0013924412087545524
4.6747662616869154e-05,21391.44385026738,0.0022923032329489217
4.679766011699415e-05,21368.589743589746,0.0021399938966922337
4.684765761711914e-05,21345.78441835646,0.0021298572769960816
4.689765511724414e-05,21323.027718550107,0.0022093717055204657
4.694765261736913e-05,21300.31948881789,0.002243748121929482
4.6997650117494124e-05,21277.659574468085,0.0026193853278720937
4.704764761761912e-05,21255.047821466527,0.0028293927085515764
4.709764511774411e-05,21232.484076433124,0.002412019225877747
4.71476426178691e-05,21209.96818663839,0.0021872588958994636
4.71976401179941e-05,21187.5,0.0014199873883835041
4.7247637618119094e-05,21165.079365079364,0.0013826561200969332
4.729763511824409e-05,21142.706131078223,0.0014111751552637268
4.734763261836908e-05,21120.38014783527,0.0011588117171705795
4.739763011849407e-05,21098.101265822785,0.0010863768907974447
4.7447627618619065e-05,21075.86933614331,0.0009923156479026303
4.7497625118744064e-05,21053.684210526317,0.0009791692841948304
4.7547622618869057e-05,21031.54574132492,0.0009893200135862896
4.759762011899405e-05,21009.453781512606,0.0008986070189121607
4.764761761911904e-05,20987.40818467996,0.0008796495511302038
4.7697615119244034e-05,20965.40880503145,0.0008611027742818583
4.774761261936903e-05,20943.4554973822,0.0008951428255995988
4.7797610119494026e-05,20921.548117154813,0.001007394183311491
4.784760761961902e-05,20899.686520376177,0.0010397837513775995
4.789760511974401e-05,20877.87056367432,0.0009308585586045019
4.7947602619869004e-05,20856.100104275287,0.000677222522664306
4.7997600119994e-05,20834.375,0.0010584686724298925
4.804759762011899e-05,20812.69510926119,0.0012187888705354494
4.809759512024399e-05,20791.06029106029,0.0013724834509538362
4.814759262036898e-05,20769.470404984422,0.001088132909006981
4.8197590120493974e-05,20747.92531120332,0.0011691667531545612
4.824758762061897e-05,20726.424870466322,0.0011304311875185698
4.829758512074396e-05,20704.96894409938,0.001163609219656038
4.834758262086895e-05,20683.55739400207,0.000492823001587468
4.839758012099395e-05,20662.19008264463,0.0003706699966013038
4.8447577621118944e-05,20640.866873065017,0.0003937810308464784
4.8497575121243937e-05,20619.58762886598,0.0004082836353252201
4.854757262136893e-05,20598.352214212155,0.00042129289097569175
4.859757012149392e-05,20577.160493827163,0.0004400193577662445
4.8647567621618914e-05,20556.01233299075,0.0004094746325161111
4.8697565121743914e-05,20534.907597535934,0.00047040817438545216
4.8747562621868906e-05,20513.846153846152,0.0006319084100717912
4.87975601219939e-05,20492.82786885246,0.0007027050897561154
4.884755762211889e-05,20471.852610030706,0.0006790785491477162
4.8897555122243884e-05,20450.920245398775,0.0005621011446256647
4.894755262236888e-05,20430.03064351379,0.0005503082243528942
4.8997550122493876e-05,20409.183673469386,0.0006497119352524318
4.904754762261887e-05,20388.379204892968,0.0003226141171711103
4.909754512274386e-05,20367.617107942973,0.00026916354276456175
4.9147542622868854e-05,20346.897253306208,0.00031078215674922943
4.9197540122993847e-05,20326.219512195123,0.00020573933053480198
4.924753762311884e-05,20305.58375634518,0.0002365901293007683
4.929753512324384e-05,20284.98985801217,0.00023873523704451765
4.934753262336883e-05,20264.437689969604,0.0002746846587935628
4.9397530123493824e-05,20243.927125506074,0.00027418979745228545
4.9447527623618816e-05,20223.45803842265,0.00036577763333247226
4.949752512374381e-05,20203.030303030304,0.0002950900126688461
4.95475226238688e-05,20182.643794147327,0.00036739682101872884
4.95975201239938e-05,20162.298387096773,0.00037328304092021293
4.9647517624118794e-05,20141.993957703926,0.00042241773474383036
4.9697515124243786e-05,20121.730382293765,0.0006482965074510294
4.974751262436878e-05,20101.50753768844,0.0007053158151763843
4.979751012449377e-05,20081.325301204823,0.0008385931508996641
4.9847507624618764e-05,20061.183550651956,0.001151249531726453
4.9897505124743763e-05,20041.082164328658,0.0011226210989218992
4.9947502624868756e-05,20021.02102102102,0.0011277046843761616
4.999750012499375e-05,20001.0,0.0011591996723660737
5.004749762511874e-05,19981.01898101898,0.0013959931035876743
5.0097495125243734e-05,19961.077844311378,0.0009205542092918741
5.0147492625368727e-05,19941.176470588238,0.000843164479263651
5.0197490125493726e-05,19921.314741035858,0.0004529580884381203
5.024748762561872e-05,19901.492537313432,0.0008914167873595709
5.029748512574371e-05,19881.709741550698,0.0009029589959195056
5.0347482625868704e-05,19861.966236345583,0.001028992883811487
5.0397480125993696e-05,19842.261904761905,0.000893392110208107
5.044747762611869e-05,19822.596630327058,0.0012530502291151057
5.049747512624369e-05,19802.970297029704,0.0015390166292646832
5.054747262636868e-05,19783.382789317508,0.0016283163529927265
5.0597470126493674e-05,19763.833992094864,0.001324046475558478
5.0647467626618666e-05,19744.32379072063,0.0011380836393950493
5.069746512674366e-05,19724.85207100592,0.0013137810912646098
5.074746262686865e-05,19705.418719211826,0.0010530220213325876
5.079746012699365e-05,19686.023622047243,0.0009000298111605087
5.0847457627118643e-05,19666.666666666668,0.0010634070185908287
5.0897455127243636e-05,19647.347740667978,0.0012098632284662804
5.094745262736863e-05,19628.066732090287,0.0009280312924728204
5.099745012749362e-05,19608.823529411766,0.0007731644245952804
5.1047447627618614e-05,19589.618021547503,0.0006792296718804775
5.109744512774361e-05,19570.45009784736,0.0007729406735617316
5.1147442627868606e-05,19551.319648093842,0.0008092246509316711
5.11974401279936e-05,19532.2265625,0.0007176482121648138
5.124743762811859e-05,19513.17073170732,0.0005188028678245453
5.1297435128243584e-05,19494.152046783627,0.0006895240846881105
5.134743262836858e-05,19475.17039922103,0.0007178590229164626
5.1397430128493576e-05,19456.22568093385,0.0007441973115441978
5.144742762861857e-05,19437.31778425656,0.0007676503160511832
5.149742512874356e-05,19418.44660194175,0.0005495378483250105
5.1547422628868554e-05,19399.6120271581,0.0006083699533877402
5.1597420128993546e-05,19380.813953488374,0.0007055874490696274
5.1647417629118545e-05,19362.052274927395,0.00030838238804929105
5.169741512924354e-05,19343.326885880077,0.00034236726274863985
5.174741262936853e-05,19324.63768115942,0.0004639667058464497
5.179741012949352e-05,19305.984555984556,0.0005494869433530711
5.1847407629618516e-05,19287.367405978785,0.0005329441635292637
5.189740512974351e-05,19268.78612716763,0.00045033653662242935
5.194740262986851e-05,19250.2406159769,0.00032523248143050826
5.19974001299935e-05,19231.73076923077,0.0003804030547209207
5.204739763011849e-05,19213.256484149857,0.00046241055112510477
5.2097395130243486e-05,19194.81765834933,0.0002431234525524482
5.214739263036848e-05,19176.41418983701,0.00027055317910625986
5.219739013049347e-05,19158.045977011498,0.00041323502056449067
5.224738763061847e-05,19139.712918660287,0.00046059417035714255
5.229738513074346e-05,19121.414913957935,0.0005716371190645418
5.2347382630868456e-05,19103.151862464183,0.000589742243942833
5.239738013099345e-05,19084.92366412214,0.0006008608163390631
5.244737763111844e-05,19066.730219256435,0.0005228276889376784
5.2497375131243433e-05,19048.57142857143,0.0004958732813849942
5.254737263136843e-05,19030.447193149383,0.00022475239868819928
5.2597370131493425e-05,19012.35741444867,0.00019562409354224037
5.264736763161842e-05,18994.301994301994,0.00016462602918065246
5.269736513174341e-05,18976.28083491461,0.00018939071014762042
5.27473626318684e-05,18958.29383886256,0.00018285929190942703
5.2797360131993396e-05,18940.34090909091,0.00021386046705421783
5.2847357632118395e-05,18922.421948912015,0.00026687698558207254
5.289735513224339e-05,18904.53686200378,0.00031698200035829076
5.294735263236838e-05,18886.685552407933,0.00044223491753242423
5.299735013249337e-05,18868.867924528302,0.00046265303148660606
5.3047347632618366e-05,18851.083883129126,0.000597492144023442
5.309734513274336e-05,18833.333333333336,0.0005522314863268299
5.314734263286836e-05,18815.616180620884,0.0006012296212655745
5.319734013299335e-05,18797.93233082707,0.0006011153242661565
5.324733763311834e-05,18780.281690140844,0.0005879416487205423
5.3297335133243336e-05,18762.66416510319,0.0005524388221435934
5.334733263336833e-05,18745.079662605436,0.00036989453853641404
5.339733013349332e-05,18727.52808988764,0.000202207145012341
5.344732763361832e-05,18710.00935453695,0.00020610702134014774
5.349732513374331e-05,18692.52336448598,0.00018389194128401006
5.3547322633868305e-05,18675.070028011203,0.00040016447161949026
5.35973201339933e-05,18657.649253731342,0.00036939311541694676
5.364731763411829e-05,18640.260950605778,0.0003634769529530183
5.369731513424328e-05,18622.905027932964,0.00040521264753474843
5.374731263436828e-05,18605.581395348836,0.000436761186499337
5.3797310134493275e-05,18588.289962825278,0.00044899938396811533
5.384730763461827e-05,18571.030640668523,0.0005093324968396595
5.389730513474326e-05,18553.803339517624,0.0003292104137007567
5.394730263486825e-05,18536.60797034291,0.0003444645428094236
5.3997300134993246e-05,18519.444444444445,0.00043819309044513437
5.4047297635118245e-05,18502.31267345051,0.0005694745692258952
5.409729513524324e-05,18485.21256931608,0.0005337459848036167
5.414729263536823e-05,18468.14404432133,0.0006331171384388515
5.419729013549322e-05,18451.10701107011,0.0007675153003251607
5.4247287635618215e-05,18434.10138248848,0.0006617151097782797
5.429728513574321e-05,18417.127071823204,0.0006162247938487948
5.434728263586821e-05,18400.183992640294,0.00042214917807713336
5.43972801359932e-05,18383.272058823528,0.00048631066005886905
5.444727763611819e-05,18366.391184573004,0.0006698943049612676
5.4497275136243185e-05,18349.54128440367,0.0007186310159457063
5.454727263636818e-05,18332.722273143907,0.000556106795618774
5.459727013649317e-05,18315.934065934067,0.00054304223575463
5.464726763661817e-05,18299.17657822507,0.0006064182812989432
5.469726513674316e-05,18282.449725776965,0.0006374043736097491
5.4747262636868155e-05,18265.753424657534,0.0005992580194147808
5.479726013699315e-05,18249.087591240877,0.0006680622542757071
5.484725763711814e-05,18232.452142206017,0.000374448526827526
5.489725513724313e-05,18215.84699453552,0.00046660784883587975
5.494725263736813e-05,18199.272065514102,0.00050181877607857
5.4997250137493125e-05,18182.727272727272,0.000514672743691686
5.504724763761812e-05,18166.212534059945,0.0005571744896960912
5.509724513774311e-05,18149.7277676951,0.0007022530930708403
5.51472426378681e-05,18133.27289211242,0.000587694553833366
5.5197240137993095e-05,18116.84782608696,0.0006928745377179679
5.5247237638118095e-05,18100.452488687784,0.000556601574386873
5.529723513824309e-05,18084.086799276673,0.0006465137136536063
5.534723263836808e-05,18067.750677506774,0.0005190398261112787
5.539723013849307e-05,18051.444043321302,0.00088622538688433
5.5447227638618065e-05,18035.16681695221,0.0010825870546946408
5.549722513874306e-05,18018.91891891892,0.0010995973684156737
5.554722263886806e-05,18002.700270027002,0.0010943705604574655
