particle_size_um,particle_size_nm
0.57977,579.77
1.74917,1749.1699999999998
1.71202,1712.0200000000002
1.66029,1660.29
1.61046,1610.46
1.60413,1604.13
1.49611,1496.1100000000001
1.49526,1495.26
1.43531,1435.3100000000002
1.43442,1434.42
1.3971,1397.1
1.38474,1384.74
1.35311,1353.1100000000001
1.35029,1350.29
1.32362,1323.6200000000001
1.3217,1321.7
1.31348,1313.48
1.30278,1302.78
1.29935,1299.35
1.27911,1279.11
1.27811,1278.1100000000001
1.27612,1276.12
1.27012,1270.12
1.25651,1256.51
1.25448,1254.48
1.22885,1228.85
1.22261,1222.61
1.19736,1197.36
1.19736,1197.36
1.19096,1190.96
1.18882,1188.82
1.17752,1177.52
1.17644,1176.4399999999998
1.1721,1172.1
1.16938,1169.38
1.15954,1159.54
1.15954,1159.54
1.15349,1153.49
1.15128,1151.28
1.14128,1141.28
1.13513,1135.1299999999999
1.12951,1129.51
1.12045,1120.45
1.1119,1111.9
1.10846,1108.46
1.09981,1099.81
1.087,1087.0
1.07107,1071.07
1.06869,1068.6899999999998
1.0663,1066.3
1.06571,1065.71
1.06331,1063.31
1.06212,1062.12
1.05972,1059.72
1.05851,1058.51
1.05731,1057.31
1.05611,1056.1100000000001
1.0549,1054.8999999999999
1.05369,1053.69
1.04763,1047.63
1.04337,1043.37
1.04215,1042.1499999999999
1.0397,1039.7
1.03479,1034.7900000000002
1.03233,1032.33
1.02304,1023.04
1.01679,1016.7900000000001
1.01679,1016.7900000000001
1.01303,1013.0300000000001
1.00609,1006.0899999999999
1.00483,1004.8299999999999
1.00229,1002.2899999999998
0.99847,998.4699999999999
0.99208,992.0799999999999
0.98499,984.99
0.9837,983.7
0.9837,983.7
0.98111,981.11
0.97655,976.5500000000001
0.97198,971.9799999999999
0.97198,971.9799999999999
0.96804,968.04
0.96343,963.4300000000001
0.96078,960.78
0.94878,948.78
0.94002,940.02
0.92774,927.74
0.92637,926.37
0.92431,924.31
0.91739,917.39
0.91322,913.22
0.90903,909.03
0.90763,907.63
0.90622,906.22
0.9027,902.6999999999999
0.89846,898.46
0.89562,895.62
0.89562,895.62
0.89278,892.78
0.88849,888.49
0.88849,888.49
0.88274,882.74
0.88274,882.74
0.87331,873.3100000000001
0.87039,870.39
0.86452,864.52
0.86231,862.3100000000001
0.86157,861.5699999999999
0.85638,856.38
0.8444,844.4000000000001
0.8444,844.4000000000001
0.84138,841.38
0.84138,841.38
0.83149,831.4899999999999
0.83149,831.4899999999999
0.82919,829.1899999999999
0.82379,823.7900000000001
0.82379,823.7900000000001
0.8207,820.6999999999999
0.8207,820.6999999999999
0.8207,820.6999999999999
0.81759,817.59
0.81603,816.0300000000001
0.81603,816.0300000000001
0.81603,816.0300000000001
0.81447,814.47
0.8129,812.9
0.81134,811.3399999999999
0.81134,811.3399999999999
0.80898,808.98
0.8074,807.4
0.8074,807.4
0.80582,805.8199999999999
0.80582,805.8199999999999
0.80424,804.24
0.80424,804.24
0.80424,804.24
0.79788,797.88
0.79629,796.2900000000001
0.79148,791.48
0.79148,791.48
0.79148,791.48
0.79148,791.48
0.78987,789.87
0.78987,789.87
0.78825,788.25
0.78825,788.25
0.78825,788.25
0.78663,786.63
0.78663,786.63
0.7842,784.2
0.7842,784.2
0.7842,784.2
0.78258,782.58
0.77932,779.32
0.77932,779.32
0.77604,776.04
0.7744,774.4
0.77275,772.75
0.7711,771.1
0.7711,771.1
0.7711,771.1
0.76945,769.4499999999999
0.76945,769.4499999999999
0.7678,767.8000000000001
0.7678,767.8000000000001
0.76447,764.47
0.76364,763.64
0.7628,762.8000000000001
0.76113,761.13
0.75862,758.62
0.75357,753.5699999999999
0.75188,751.88
0.75018,750.18
0.74848,748.48
0.74678,746.78
0.74678,746.78
0.74678,746.78
0.74678,746.78
0.74507,745.07
0.74336,743.36
0.74336,743.36
0.7425,742.5
0.74165,741.65
0.74165,741.65
0.73993,739.93
0.73993,739.93
0.73993,739.93
0.7382,738.1999999999999
0.73648,736.48
0.73648,736.48
0.73475,734.75
0.73214,732.14
0.73214,732.14
0.7304,730.4000000000001
0.72691,726.91
0.72691,726.91
0.72603,726.03
0.72515,725.15
0.7234,723.4000000000001
0.7234,723.4000000000001
0.7234,723.4000000000001
0.72163,721.63
0.72163,721.63
0.72163,721.63
0.71987,719.87
0.71987,719.87
0.71987,719.87
0.71898,718.9799999999999
0.7181,718.0999999999999
0.71632,716.3199999999999
0.71632,716.3199999999999
0.71454,714.54
0.71454,714.54
0.71454,714.54
0.71454,714.54
0.71276,712.76
0.71097,710.97
0.70918,709.1800000000001
0.70918,709.1800000000001
0.70467,704.6700000000001
0.70286,702.86
0.70286,702.86
0.70105,701.05
0.69923,699.23
0.69923,699.23
0.69741,697.41
0.69741,697.41
0.69558,695.5799999999999
0.69558,695.5799999999999
0.69558,695.5799999999999
0.69558,695.5799999999999
0.68637,686.37
0.68637,686.37
0.68637,686.37
0.68637,686.37
0.68637,686.37
0.68451,684.51
0.68451,684.51
0.68265,682.65
0.68078,680.7800000000001
0.68078,680.7800000000001
0.67703,677.03
0.67703,677.03
0.67703,677.03
0.6742,674.2
0.6742,674.2
0.67231,672.31
0.67231,672.31
0.67231,672.31
0.6666,666.6
0.6666,666.6
0.6666,666.6
0.6666,666.6
0.6666,666.6
0.66277,662.77
0.65892,658.92
0.65698,656.98
0.65698,656.98
0.65698,656.98
0.6531,653.1
0.65114,651.1400000000001
0.65114,651.1400000000001
0.64919,649.19
0.64919,649.19
0.64722,647.22
0.64624,646.24
0.64426,644.2600000000001
0.64426,644.2600000000001
0.64328,643.28
0.64228,642.28
0.64228,642.28
0.64228,642.28
0.64228,642.28
0.6403,640.3
0.6403,640.3
0.63631,636.3100000000001
0.63631,636.3100000000001
0.63631,636.3100000000001
0.63431,634.3100000000001
0.63028,630.28
0.63028,630.28
0.62825,628.25
0.62623,626.2299999999999
0.62419,624.19
0.62419,624.19
0.62215,622.15
0.62215,622.15
0.6201,620.1
0.61804,618.0400000000001
0.61804,618.0400000000001
0.61804,618.0400000000001
0.61804,618.0400000000001
0.61598,615.98
0.61598,615.98
0.61287,612.87
0.61287,612.87
0.61079,610.7900000000001
0.61079,610.7900000000001
0.6087,608.7
0.6087,608.7
0.6066,606.6
0.6066,606.6
0.6066,606.6
0.60239,602.39
0.60239,602.39
0.60027,600.27
0.60027,600.27
0.60027,600.27
0.59815,598.15
0.59601,596.01
0.59601,596.01
0.59601,596.01
0.59601,596.01
0.59601,596.01
0.59601,596.01
0.59601,596.01
0.59173,591.73
0.59173,591.73
0.59173,591.73
0.59065,590.65
0.58957,589.57
0.58957,589.57
0.58957,589.57
0.58957,589.57
0.58741,587.41
0.58741,587.41
0.58632,586.3199999999999
0.58524,585.24
0.58524,585.24
0.58524,585.24
0.58524,585.24
0.58524,585.24
0.58524,585.24
0.58306,583.0600000000001
0.58306,583.0600000000001
0.57977,579.77
0.57977,579.77
0.57977,579.77
0.57757,577.57
0.57757,577.57
0.57536,575.36
0.57536,575.36
0.57315,573.1500000000001
0.57315,573.1500000000001
0.57203,572.0300000000001
0.57092,570.92
0.56869,568.69
0.56869,568.69
0.56869,568.69
0.56869,568.69
0.56644,566.44
0.56644,566.44
0.56644,566.44
0.56419,564.1899999999999
0.56419,564.1899999999999
0.56193,561.9300000000001
0.56193,561.9300000000001
0.56193,561.9300000000001
0.55966,559.6600000000001
0.55852,558.52
0.55852,558.52
0.55738,557.38
0.55738,557.38
0.55738,557.38
0.55509,555.0899999999999
0.55509,555.0899999999999
0.55509,555.0899999999999
0.55509,555.0899999999999
0.55279,552.79
0.55164,551.64
0.55164,551.64
0.55048,550.48
0.55048,550.48
0.55048,550.48
0.55048,550.48
0.54816,548.16
0.54816,548.16
0.54816,548.16
0.54467,544.67
0.54467,544.67
0.54467,544.67
0.54467,544.67
0.54467,544.67
0.54467,544.67
0.54233,542.3299999999999
0.54115,541.15
0.53997,539.9699999999999
0.53997,539.9699999999999
0.53997,539.9699999999999
0.53997,539.9699999999999
0.53879,538.79
0.53761,537.61
0.53524,535.24
0.53524,535.24
0.53524,535.24
0.53524,535.24
0.53524,535.24
0.53285,532.85
0.53285,532.85
0.53285,532.85
0.53285,532.85
0.53285,532.85
0.53166,531.66
0.53046,530.46
0.53046,530.46
0.53046,530.46
0.53046,530.46
0.53046,530.46
0.53046,530.46
0.52805,528.0500000000001
0.52805,528.0500000000001
0.52805,528.0500000000001
0.52564,525.64
0.52564,525.64
0.52564,525.64
0.52321,523.2099999999999
0.52321,523.2099999999999
0.52321,523.2099999999999
0.52321,523.2099999999999
0.52199,521.99
0.52077,520.77
0.52077,520.77
0.51832,518.32
0.51832,518.32
0.51832,518.32
0.51832,518.32
0.51586,515.86
0.51586,515.86
0.51586,515.86
0.51586,515.86
0.51338,513.38
0.51338,513.38
0.51338,513.38
0.51338,513.38
0.51338,513.38
0.51338,513.38
0.51338,513.38
0.51338,513.38
0.51214,512.14
0.5109,510.90000000000003
0.5109,510.90000000000003
0.5109,510.90000000000003
0.5109,510.90000000000003
0.5109,510.90000000000003
0.5109,510.90000000000003
0.50965,509.65000000000003
0.50714,507.14000000000004
0.50714,507.14000000000004
0.50714,507.14000000000004
0.50589,505.88999999999993
0.50463,504.63
0.50463,504.63
0.50463,504.63
0.5021,502.09999999999997
0.5021,502.09999999999997
0.49955,499.55
0.49955,499.55
0.49955,499.55
0.49955,499.55
0.49955,499.55
0.49955,499.55
0.49955,499.55
0.49955,499.55
0.49828,498.28
0.497,497.0
0.497,497.0
0.497,497.0
0.497,497.0
0.497,497.0
0.49443,494.43
0.49443,494.43
0.49443,494.43
0.49443,494.43
0.49314,493.14000000000004
0.49185,491.85
0.49185,491.85
0.48925,489.25
0.48925,489.25
0.48925,489.25
0.48925,489.25
0.48925,489.25
0.48925,489.25
0.48925,489.25
0.48925,489.25
0.48664,486.64000000000004
0.48664,486.64000000000004
0.48664,486.64000000000004
0.48664,486.64000000000004
0.48664,486.64000000000004
0.48664,486.64000000000004
0.48533,485.33
0.48402,484.02
0.48402,484.02
0.48402,484.02
0.48402,484.02
0.48402,484.02
0.48402,484.02
0.48138,481.38
0.48138,481.38
0.48138,481.38
0.48138,481.38
0.48138,481.38
0.48138,481.38
0.48138,481.38
0.47873,478.72999999999996
0.47873,478.72999999999996
0.47873,478.72999999999996
0.47873,478.72999999999996
0.47606,476.06
0.47606,476.06
0.47606,476.06
0.47606,476.06
0.47338,473.38
0.47338,473.38
0.47338,473.38
0.47338,473.38
0.47068,470.68
0.47068,470.68
0.47068,470.68
0.47068,470.68
0.47068,470.68
0.47068,470.68
0.46933,469.33000000000004
0.46797,467.96999999999997
0.46661,466.61
0.46661,466.61
0.46661,466.61
0.46661,466.61
0.46661,466.61
0.46524,465.24
0.46387,463.87
0.46387,463.87
0.46387,463.87
0.46387,463.87
0.46112,461.11999999999995
0.46112,461.11999999999995
0.45835,458.34999999999997
0.45835,458.34999999999997
0.45835,458.34999999999997
0.45835,458.34999999999997
0.45835,458.34999999999997
0.45556,455.56
0.45556,455.56
0.45556,455.56
0.45556,455.56
0.45556,455.56
0.45416,454.16
0.45276,452.76
0.45276,452.76
0.45276,452.76
0.45276,452.76
0.45276,452.76
0.45276,452.76
0.45276,452.76
0.45276,452.76
0.45276,452.76
0.44994,449.94
0.44994,449.94
0.44994,449.94
0.44994,449.94
0.44994,449.94
0.44994,449.94
0.44994,449.94
0.44994,449.94
0.4471,447.1
0.4471,447.1
0.44424,444.24
0.44424,444.24
0.44424,444.24
0.44424,444.24
0.44424,444.24
0.44137,441.37
0.44137,441.37
0.44137,441.37
0.43992,439.91999999999996
0.43847,438.47
0.43847,438.47
0.43847,438.47
0.43847,438.47
0.43847,438.47
0.43847,438.47
0.43847,438.47
0.43847,438.47
0.43556,435.56
0.43556,435.56
0.43556,435.56
0.43556,435.56
0.43556,435.56
0.43556,435.56
0.43556,435.56
0.43556,435.56
0.43556,435.56
0.43556,435.56
0.43556,435.56
0.43556,435.56
0.4341,434.09999999999997
0.43263,432.63
0.43263,432.63
0.43263,432.63
0.43263,432.63
0.43263,432.63
0.43263,432.63
0.42967,429.67
0.42967,429.67
0.42967,429.67
0.42967,429.67
0.42967,429.67
0.42967,429.67
0.42967,429.67
0.42819,428.19
0.4267,426.70000000000005
0.4267,426.70000000000005
0.4267,426.70000000000005
0.4267,426.70000000000005
0.42521,425.21
0.42521,425.21
0.4222,422.20000000000005
0.4222,422.20000000000005
0.4222,422.20000000000005
0.4222,422.20000000000005
0.4222,422.20000000000005
0.4222,422.20000000000005
0.4222,422.20000000000005
0.4222,422.20000000000005
0.42069,420.69
0.41917,419.16999999999996
0.41917,419.16999999999996
0.41917,419.16999999999996
0.41917,419.16999999999996
0.41917,419.16999999999996
0.41917,419.16999999999996
0.41917,419.16999999999996
0.41917,419.16999999999996
0.41613,416.13
0.41613,416.13
0.41613,416.13
0.41613,416.13
0.41613,416.13
0.41613,416.13
0.41613,416.13
0.41459,414.59000000000003
0.41305,413.04999999999995
0.41305,413.04999999999995
0.41305,413.04999999999995
0.41305,413.04999999999995
0.41305,413.04999999999995
0.41305,413.04999999999995
0.41305,413.04999999999995
0.41305,413.04999999999995
0.41305,413.04999999999995
0.41151,411.51
0.41151,411.51
0.41151,411.51
0.40996,409.96
0.40996,409.96
0.40996,409.96
0.40996,409.96
0.40996,409.96
0.40996,409.96
0.40996,409.96
0.40996,409.96
0.4084,408.4
0.4084,408.4
0.40684,406.84
0.40684,406.84
0.40684,406.84
0.40684,406.84
0.40684,406.84
0.40684,406.84
0.40684,406.84
0.4037,403.7
0.4037,403.7
0.4037,403.7
0.4037,403.7
0.4037,403.7
0.4037,403.7
0.4037,403.7
0.4037,403.7
0.40212,402.12
0.40053,400.53
0.40053,400.53
0.40053,400.53
0.40053,400.53
0.40053,400.53
0.40053,400.53
0.40053,400.53
0.40053,400.53
0.40053,400.53
0.40053,400.53
0.39894,398.94
0.39734,397.34000000000003
0.39734,397.34000000000003
0.39734,397.34000000000003
0.39734,397.34000000000003
0.39734,397.34000000000003
0.39734,397.34000000000003
0.39734,397.34000000000003
0.39734,397.34000000000003
0.39734,397.34000000000003
0.39734,397.34000000000003
0.39413,394.13
0.39413,394.13
0.39413,394.13
0.39413,394.13
0.39413,394.13
0.39413,394.13
0.39413,394.13
0.39413,394.13
0.39251,392.51000000000005
0.39088,390.88
0.39088,390.88
0.39088,390.88
0.39088,390.88
0.39088,390.88
0.39088,390.88
0.39088,390.88
0.39088,390.88
0.39088,390.88
0.39088,390.88
0.39088,390.88
0.39088,390.88
0.39088,390.88
0.38761,387.61
0.38761,387.61
0.38761,387.61
0.38761,387.61
0.38761,387.61
0.38761,387.61
0.38761,387.61
0.38761,387.61
0.38761,387.61
0.38431,384.31
0.38431,384.31
0.38431,384.31
0.38431,384.31
0.38431,384.31
0.38431,384.31
0.38431,384.31
0.38431,384.31
0.38431,384.31
0.38431,384.31
0.38265,382.65
0.38098,380.97999999999996
0.38098,380.97999999999996
0.38098,380.97999999999996
0.38098,380.97999999999996
0.38098,380.97999999999996
0.38098,380.97999999999996
0.38098,380.97999999999996
0.38098,380.97999999999996
0.38098,380.97999999999996
0.37931,379.31
0.37931,379.31
0.37931,379.31
0.37931,379.31
0.37931,379.31
0.37763,377.63
0.37763,377.63
0.37763,377.63
0.37763,377.63
0.37763,377.63
0.37763,377.63
0.37763,377.63
0.37763,377.63
0.37763,377.63
0.37763,377.63
0.37763,377.63
0.37763,377.63
0.37594,375.94
0.37594,375.94
0.37424,374.24
0.37424,374.24
0.37424,374.24
0.37424,374.24
0.37424,374.24
0.37424,374.24
0.37424,374.24
0.37424,374.24
0.37424,374.24
0.37424,374.24
0.37424,374.24
0.37424,374.24
0.37254,372.53999999999996
0.37254,372.53999999999996
0.37254,372.53999999999996
0.37254,372.53999999999996
0.3691,369.09999999999997
0.3691,369.09999999999997
0.3691,369.09999999999997
0.3691,369.09999999999997
0.3691,369.09999999999997
0.3691,369.09999999999997
0.3691,369.09999999999997
0.36737,367.36999999999995
0.36737,367.36999999999995
0.36737,367.36999999999995
0.36564,365.64000000000004
0.36564,365.64000000000004
0.36564,365.64000000000004
0.36564,365.64000000000004
0.36564,365.64000000000004
0.36564,365.64000000000004
0.36564,365.64000000000004
0.36564,365.64000000000004
0.36564,365.64000000000004
0.36389,363.89
0.36389,363.89
0.36389,363.89
0.36214,362.14000000000004
0.36214,362.14000000000004
0.36214,362.14000000000004
0.36214,362.14000000000004
0.36214,362.14000000000004
0.36214,362.14000000000004
0.36214,362.14000000000004
0.36214,362.14000000000004
0.36214,362.14000000000004
0.36038,360.38
0.3586,358.59999999999997
0.3586,358.59999999999997
0.3586,358.59999999999997
0.3586,358.59999999999997
0.3586,358.59999999999997
0.3586,358.59999999999997
0.3586,358.59999999999997
0.3586,358.59999999999997
0.3586,358.59999999999997
0.3586,358.59999999999997
0.35682,356.82000000000005
0.35504,355.04
0.35504,355.04
0.35504,355.04
0.35504,355.04
0.35504,355.04
0.35504,355.04
0.35504,355.04
0.35324,353.24
0.35324,353.24
0.35324,353.24
0.35143,351.43
0.35143,351.43
0.35143,351.43
0.35143,351.43
0.35143,351.43
0.35143,351.43
0.34962,349.62
0.34779,347.78999999999996
0.34779,347.78999999999996
0.34779,347.78999999999996
0.34779,347.78999999999996
0.34779,347.78999999999996
0.34779,347.78999999999996
0.34779,347.78999999999996
0.34779,347.78999999999996
0.34779,347.78999999999996
0.34779,347.78999999999996
0.34779,347.78999999999996
0.34595,345.95
0.34411,344.11
0.34411,344.11
0.34411,344.11
0.34411,344.11
0.34411,344.11
0.34411,344.11
0.34411,344.11
0.34411,344.11
0.34411,344.11
0.34411,344.11
0.34411,344.11
0.34411,344.11
0.34411,344.11
0.34411,344.11
0.34411,344.11
0.34411,344.11
0.34039,340.39000000000004
0.34039,340.39000000000004
0.34039,340.39000000000004
0.34039,340.39000000000004
0.34039,340.39000000000004
0.34039,340.39000000000004
0.34039,340.39000000000004
0.34039,340.39000000000004
0.34039,340.39000000000004
0.34039,340.39000000000004
0.34039,340.39000000000004
0.34039,340.39000000000004
0.34039,340.39000000000004
0.33851,338.51
0.33851,338.51
0.33663,336.63
0.33663,336.63
0.33663,336.63
0.33663,336.63
0.33663,336.63
0.33663,336.63
0.33663,336.63
0.33663,336.63
0.33663,336.63
0.33663,336.63
0.33663,336.63
0.33663,336.63
0.33663,336.63
0.33663,336.63
0.33663,336.63
0.33663,336.63
0.33663,336.63
0.33663,336.63
0.33473,334.73
0.33473,334.73
0.33473,334.73
0.33473,334.73
0.33282,332.82
0.33282,332.82
0.33282,332.82
0.33282,332.82
0.33282,332.82
0.33282,332.82
0.33282,332.82
0.33282,332.82
0.33282,332.82
0.33282,332.82
0.33091,330.90999999999997
0.33091,330.90999999999997
0.33091,330.90999999999997
0.32898,328.98
0.32898,328.98
0.32898,328.98
0.32898,328.98
0.32898,328.98
0.32898,328.98
0.32898,328.98
0.32898,328.98
0.32898,328.98
0.32898,328.98
0.32898,328.98
0.32898,328.98
0.32704,327.04
0.32704,327.04
0.32704,327.04
0.32508,325.08
0.32508,325.08
0.32508,325.08
0.32508,325.08
0.32508,325.08
0.32508,325.08
0.32508,325.08
0.32508,325.08
0.32508,325.08
0.32508,325.08
0.32508,325.08
0.32508,325.08
0.32312,323.12
0.32312,323.12
0.32312,323.12
0.32312,323.12
0.32312,323.12
0.32114,321.14
0.32114,321.14
0.32114,321.14
0.32114,321.14
0.32114,321.14
0.32114,321.14
0.32114,321.14
0.32114,321.14
0.32114,321.14
0.32114,321.14
0.32114,321.14
0.32114,321.14
0.32114,321.14
0.32114,321.14
0.32114,321.14
0.32114,321.14
0.32114,321.14
0.32114,321.14
0.32114,321.14
0.31915,319.15
0.31915,319.15
0.31715,317.15
0.31715,317.15
0.31715,317.15
0.31715,317.15
0.31715,317.15
0.31715,317.15
0.31715,317.15
0.31715,317.15
0.31715,317.15
0.31715,317.15
0.31715,317.15
0.31715,317.15
0.31715,317.15
0.31514,315.14
0.31514,315.14
0.31514,315.14
0.31514,315.14
0.31514,315.14
0.31514,315.14
0.31311,313.11
0.31311,313.11
0.31311,313.11
0.31311,313.11
0.31107,311.07
0.31107,311.07
0.31107,311.07
0.31107,311.07
0.31107,311.07
0.31107,311.07
0.31107,311.07
0.31107,311.07
0.31107,311.07
0.31107,311.07
0.31107,311.07
0.31107,311.07
0.31107,311.07
0.31107,311.07
0.31107,311.07
0.31107,311.07
0.30902,309.02000000000004
0.30902,309.02000000000004
0.30695,306.95
0.30695,306.95
0.30695,306.95
0.30695,306.95
0.30695,306.95
0.30695,306.95
0.30695,306.95
0.30695,306.95
0.30695,306.95
0.30695,306.95
0.30695,306.95
0.30695,306.95
0.30695,306.95
0.30695,306.95
0.30695,306.95
0.30695,306.95
0.30695,306.95
0.30695,306.95
0.30695,306.95
0.30695,306.95
0.30695,306.95
0.30695,306.95
0.30695,306.95
0.30695,306.95
0.30487,304.86999999999995
0.30487,304.86999999999995
0.30278,302.78
0.30278,302.78
0.30278,302.78
0.30278,302.78
0.30278,302.78
0.30278,302.78
0.30278,302.78
0.30278,302.78
0.30278,302.78
0.30278,302.78
0.30278,302.78
0.30278,302.78
0.30278,302.78
0.30278,302.78
0.30278,302.78
0.30278,302.78
0.29854,298.54
0.29854,298.54
0.29854,298.54
0.29854,298.54
0.29854,298.54
0.29854,298.54
0.29854,298.54
0.29854,298.54
0.29854,298.54
0.29854,298.54
0.29854,298.54
0.29854,298.54
0.29854,298.54
0.29854,298.54
0.29854,298.54
0.29854,298.54
0.2964,296.4
0.2964,296.4
0.29425,294.25
0.29425,294.25
0.29425,294.25
0.29425,294.25
0.29425,294.25
0.29425,294.25
0.29425,294.25
0.29425,294.25
0.29425,294.25
0.29425,294.25
0.29425,294.25
0.29425,294.25
0.29425,294.25
0.29425,294.25
0.29425,294.25
0.29207,292.07
0.29207,292.07
0.29207,292.07
0.28989,289.89
0.28989,289.89
0.28989,289.89
0.28989,289.89
0.28989,289.89
0.28989,289.89
0.28989,289.89
0.28989,289.89
0.28989,289.89
0.28989,289.89
0.28989,289.89
0.28989,289.89
0.28989,289.89
0.28768,287.68
0.28768,287.68
0.28546,285.46
0.28546,285.46
0.28546,285.46
0.28546,285.46
0.28546,285.46
0.28546,285.46
0.28546,285.46
0.28546,285.46
0.28546,285.46
0.28546,285.46
0.28546,285.46
0.28546,285.46
0.28546,285.46
0.28546,285.46
0.28546,285.46
0.28546,285.46
0.28546,285.46
0.28546,285.46
0.28546,285.46
0.28546,285.46
0.28322,283.22
0.28322,283.22
0.28322,283.22
0.28096,280.96
0.28096,280.96
0.28096,280.96
0.28096,280.96
0.28096,280.96
0.28096,280.96
0.28096,280.96
0.28096,280.96
0.28096,280.96
0.28096,280.96
0.28096,280.96
0.28096,280.96
0.28096,280.96
0.28096,280.96
0.28096,280.96
0.27869,278.69
0.27869,278.69
0.2764,276.4
0.2764,276.4
0.2764,276.4
0.2764,276.4
0.2764,276.4
0.2764,276.4
0.2764,276.4
0.2764,276.4
0.2764,276.4
0.2764,276.4
0.2764,276.4
0.2764,276.4
0.2764,276.4
0.2764,276.4
0.2764,276.4
0.2764,276.4
0.2764,276.4
0.2764,276.4
0.2764,276.4
0.27408,274.08
0.27408,274.08
0.27175,271.75
0.27175,271.75
0.27175,271.75
0.27175,271.75
0.27175,271.75
0.27175,271.75
0.27175,271.75
0.27175,271.75
0.27175,271.75
0.27175,271.75
0.27175,271.75
0.27175,271.75
0.27175,271.75
0.27175,271.75
0.27175,271.75
0.27175,271.75
0.27175,271.75
0.2694,269.4
0.2694,269.4
0.2694,269.4
0.2694,269.4
0.2694,269.4
0.2694,269.4
0.26702,267.02
0.26702,267.02
0.26702,267.02
0.26702,267.02
0.26702,267.02
0.26702,267.02
0.26702,267.02
0.26702,267.02
0.26702,267.02
0.26702,267.02
0.26702,267.02
0.26702,267.02
0.26702,267.02
0.26702,267.02
0.26702,267.02
0.26702,267.02
0.26702,267.02
0.26702,267.02
0.26702,267.02
0.26702,267.02
0.26702,267.02
0.26702,267.02
0.26702,267.02
0.26702,267.02
0.26463,264.63
0.26463,264.63
0.26221,262.21
0.26221,262.21
0.26221,262.21
0.26221,262.21
0.26221,262.21
0.26221,262.21
0.26221,262.21
0.26221,262.21
0.26221,262.21
0.26221,262.21
0.26221,262.21
0.26221,262.21
0.26221,262.21
0.26221,262.21
0.26221,262.21
0.26221,262.21
0.26221,262.21
0.26221,262.21
0.26221,262.21
0.26221,262.21
0.26221,262.21
0.26221,262.21
0.26221,262.21
0.25977,259.77
0.25977,259.77
0.25977,259.77
0.25977,259.77
0.25731,257.31
0.25731,257.31
0.25731,257.31
0.25731,257.31
0.25731,257.31
0.25731,257.31
0.25731,257.31
0.25731,257.31
0.25731,257.31
0.25731,257.31
0.25731,257.31
0.25731,257.31
0.25731,257.31
0.25731,257.31
0.25731,257.31
0.25731,257.31
0.25731,257.31
0.25731,257.31
0.25731,257.31
0.25731,257.31
0.25731,257.31
0.25731,257.31
0.25731,257.31
0.25731,257.31
0.25482,254.82
0.25482,254.82
0.25482,254.82
0.25482,254.82
0.25482,254.82
0.25482,254.82
0.25482,254.82
0.25482,254.82
0.25231,252.30999999999997
0.25231,252.30999999999997
0.25231,252.30999999999997
0.25231,252.30999999999997
0.25231,252.30999999999997
0.25231,252.30999999999997
0.25231,252.30999999999997
0.25231,252.30999999999997
0.25231,252.30999999999997
0.25231,252.30999999999997
0.25231,252.30999999999997
0.25231,252.30999999999997
0.25231,252.30999999999997
0.25231,252.30999999999997
0.25231,252.30999999999997
0.25231,252.30999999999997
0.25231,252.30999999999997
0.25231,252.30999999999997
0.25231,252.30999999999997
0.24978,249.78
0.24978,249.78
0.24978,249.78
0.24978,249.78
0.24722,247.22
0.24722,247.22
0.24722,247.22
0.24722,247.22
0.24722,247.22
0.24722,247.22
0.24722,247.22
0.24722,247.22
0.24722,247.22
0.24722,247.22
0.24722,247.22
0.24722,247.22
0.24722,247.22
0.24722,247.22
0.24722,247.22
0.24722,247.22
0.24722,247.22
0.24722,247.22
0.24722,247.22
0.24722,247.22
0.24722,247.22
0.24722,247.22
0.24722,247.22
0.24722,247.22
0.24722,247.22
0.24722,247.22
0.24722,247.22
0.24463,244.63
0.24463,244.63
0.24201,242.01
0.24201,242.01
0.23937,239.37
0.23937,239.37
0.23937,239.37
0.23937,239.37
0.23937,239.37
0.23937,239.37
0.23937,239.37
0.23937,239.37
0.23937,239.37
0.23937,239.37
0.23937,239.37
0.23937,239.37
0.23937,239.37
0.23937,239.37
0.23937,239.37
0.23937,239.37
0.23669,236.69
0.23399,233.99
0.23399,233.99
0.23399,233.99
0.23399,233.99
0.23399,233.99
0.23399,233.99
0.23399,233.99
0.23399,233.99
0.23399,233.99
0.23399,233.99
0.23399,233.99
0.23399,233.99
0.23399,233.99
0.23399,233.99
0.23399,233.99
0.23399,233.99
0.23399,233.99
0.23399,233.99
0.23399,233.99
0.23399,233.99
0.23399,233.99
0.23399,233.99
0.23399,233.99
0.23399,233.99
0.23399,233.99
0.23399,233.99
0.23399,233.99
0.23399,233.99
0.23399,233.99
0.23125,231.25
0.23125,231.25
0.23125,231.25
0.23125,231.25
0.23125,231.25
0.22848,228.48
0.22848,228.48
0.22848,228.48
0.22848,228.48
0.22848,228.48
0.22848,228.48
0.22848,228.48
0.22848,228.48
0.22848,228.48
0.22848,228.48
0.22848,228.48
0.22848,228.48
0.22848,228.48
0.22848,228.48
0.22848,228.48
0.22848,228.48
0.22848,228.48
0.22848,228.48
0.22848,228.48
0.22848,228.48
0.22848,228.48
0.22848,228.48
0.22848,228.48
0.22848,228.48
0.22848,228.48
0.22848,228.48
0.22848,228.48
0.22848,228.48
0.22848,228.48
0.22848,228.48
0.22848,228.48
0.22848,228.48
0.22568,225.67999999999998
0.22568,225.67999999999998
0.22568,225.67999999999998
0.22568,225.67999999999998
0.22568,225.67999999999998
0.22284,222.84
0.22284,222.84
0.22284,222.84
0.22284,222.84
0.22284,222.84
0.22284,222.84
0.22284,222.84
0.22284,222.84
0.22284,222.84
0.22284,222.84
0.22284,222.84
0.22284,222.84
0.22284,222.84
0.22284,222.84
0.22284,222.84
0.22284,222.84
0.22284,222.84
0.22284,222.84
0.22284,222.84
0.22284,222.84
0.22284,222.84
0.22284,222.84
0.21996,219.95999999999998
0.21996,219.95999999999998
0.21996,219.95999999999998
0.21996,219.95999999999998
0.21996,219.95999999999998
0.21996,219.95999999999998
0.21996,219.95999999999998
0.21996,219.95999999999998
0.21705,217.04999999999998
0.21705,217.04999999999998
0.21705,217.04999999999998
0.21705,217.04999999999998
0.21705,217.04999999999998
0.21705,217.04999999999998
0.21705,217.04999999999998
0.21705,217.04999999999998
0.21705,217.04999999999998
0.21705,217.04999999999998
0.21705,217.04999999999998
0.21705,217.04999999999998
0.21705,217.04999999999998
0.21705,217.04999999999998
0.21705,217.04999999999998
0.21705,217.04999999999998
0.21705,217.04999999999998
0.21705,217.04999999999998
0.21705,217.04999999999998
0.21705,217.04999999999998
0.21705,217.04999999999998
0.21705,217.04999999999998
0.21705,217.04999999999998
0.21705,217.04999999999998
0.21409,214.09
0.21409,214.09
0.21409,214.09
0.21409,214.09
0.2111,211.10000000000002
0.2111,211.10000000000002
0.2111,211.10000000000002
0.2111,211.10000000000002
0.2111,211.10000000000002
0.2111,211.10000000000002
0.2111,211.10000000000002
0.2111,211.10000000000002
0.2111,211.10000000000002
0.2111,211.10000000000002
0.2111,211.10000000000002
0.2111,211.10000000000002
0.2111,211.10000000000002
0.2111,211.10000000000002
0.2111,211.10000000000002
0.2111,211.10000000000002
0.2111,211.10000000000002
0.2111,211.10000000000002
0.2111,211.10000000000002
0.2111,211.10000000000002
0.2111,211.10000000000002
0.2111,211.10000000000002
0.2111,211.10000000000002
0.2111,211.10000000000002
0.2111,211.10000000000002
0.2111,211.10000000000002
0.2111,211.10000000000002
0.20806,208.06
0.20806,208.06
0.20806,208.06
0.20806,208.06
0.20806,208.06
0.20806,208.06
0.20806,208.06
0.20498,204.98
0.20498,204.98
0.20498,204.98
0.20498,204.98
0.20498,204.98
0.20498,204.98
0.20498,204.98
0.20498,204.98
0.20498,204.98
0.20498,204.98
0.20498,204.98
0.20498,204.98
0.20498,204.98
0.20498,204.98
0.20498,204.98
0.20498,204.98
0.20498,204.98
0.20498,204.98
0.20498,204.98
0.20498,204.98
0.20498,204.98
0.20498,204.98
0.20498,204.98
0.20498,204.98
0.20498,204.98
0.20498,204.98
0.20498,204.98
0.20498,204.98
0.20498,204.98
0.20498,204.98
0.20498,204.98
0.20498,204.98
0.20498,204.98
0.20498,204.98
0.20498,204.98
0.20498,204.98
0.20498,204.98
0.20185,201.85
0.20185,201.85
0.20185,201.85
0.20185,201.85
0.20185,201.85
0.20185,201.85
